QuoteId,CustomerId (Header Input),Quote Status,lineId,sku (from LineItem),CustomerId (from output),Product Code (from output)
P-14,ACT000,DRAFT,IBRRbWCKCw4t3Gr,1,ACT000,
P-33,ACT009,DRAFT,LVuqnQghzFrqHq0,H0100028,ACT009,H0100028
P-48,ACT005,DRAFT,iBeyz06vs7lLiIO,AB00532,ACT005,AB00532
P-48,ACT005,DRAFT,exFAOem94d7IybH,H0400005,ACT005,H0400005
P-48,ACT005,DRAFT,LPTB9E2EWCX8jGV,H0401045,ACT005,H0401045
P-48,ACT005,DRAFT,Sl36dlClWR8BlWh,D0140010,ZIP017,D0140010
P-48,ACT005,DRAFT,2Mlw5smEx0srz2y,C2516025,ZIP007,C2516025
P-48,ACT005,DRAFT,WcCfzMKkwclgQdp,H3502102,HUM062,H3502102
P-49,,DRAFT,YAEvCG2z8L350Q4,AB00565,ACT006,
P-54,ZIP017,DEAL,NNhVTDCQUIrkg9c,H0900020,ZIP017,
P-54,ZIP017,DEAL,WDfrcGM3BE2Z5M6,BKD0734032BS,ZIP017,
P-54,ZIP017,DEAL,3jHXaHD6Mtq8mjS,H0900015,ZIP017,
P-55,ZIP017,DEAL,d8NCgaeJBmIijzd,H0900020,ZIP017,H0900020
P-56,ZIP017,DEAL,i3HwmaXSFdI3P18,H0900020,ZIP017,
P-56,ZIP017,DEAL,DIgo1uz72J3gJe4,H0900015,ZIP017,
P-56,ZIP017,DEAL,NwdBCgokGzI0BKl,H0100235,ZIP017,
P-56,ZIP017,DEAL,CZ7brMs8mYjEGXo,AD0016545,ZIP017,
P-57,HUM071,DRAFT,Ujb5704k22ClcNP,H0900020,HUM071,
P-58,ZIP017,DRAFT,CJY0MndNfcBqgBo,H0900020,ZIP017,H0900020
P-58,ZIP017,DRAFT,1OIFsChbRC6Smo2,H0900014,ZIP017,H0900014
P-58,ZIP017,DRAFT,emqwDVKRVwOyQs1,H0900015,ZIP017,H0900015
P-58,ZIP017,DRAFT,zeDAqKkY7XygPEu,H0900020,ZIP017,H0900020
P-58,ZIP017,DRAFT,5omub37RyZgAhx4,H0900023,ZIP017,H0900023
P-58,ZIP017,DRAFT,vD0fa8LPBwtSBOU,H0900024,ZIP017,H0900024
P-58,ZIP017,DRAFT,DVmwbPu7P7oPtzE,H0900026,ZIP017,H0900026
P-59,ZIP017,DRAFT,Prx4uvbQ33qy07M,H0100027,ZIP017,H0100027
P-59,ZIP017,DRAFT,xC0OgWdxcTQZAGB,H0100028,ZIP017,H0100028
P-59,ZIP017,DRAFT,zOoN1jlhHL3Mr4K,H0100029,ZIP017,H0100029
P-59,ZIP017,DRAFT,fbPjTiZHJsviNop,H0100030,ZIP017,H0100030
P-59,ZIP017,DRAFT,mKgj25zo3VHe9gv,H0100032,ZIP017,H0100032
P-59,ZIP017,DRAFT,q6CKMbXBfGgCRgc,H0100033,ZIP017,H0100033
P-59,ZIP017,DRAFT,a5yhMiUw3wqpNAd,H0100034,ZIP017,H0100034
P-59,ZIP017,DRAFT,LFYgWaVc18ZFn2f,H0100035,ZIP017,H0100035
P-59,ZIP017,DRAFT,CUiMm2uug5QsgP4,H0100045,ZIP017,H0100045
P-60,,DRAFT,PDs8oThOoU32QMF,AB00532,ZIP011,AB00532
P-78,ZIP016,DRAFT,VQ95H3ziGBccVV7,AB00540,ZIP016,AB00540
P-80,,DRAFT,PKT2haujet6gKdi,AB00532,,AB00532
P-83,ZIP016,DRAFT,ATVx3r7RRAnNcHQ,AB00540,ZIP016,AB00540
P-83,ZIP016,DRAFT,BcyxQ75OpLppYRP,11-1DD,ZIP016,11-1DD
P-87,ZIP016,DRAFT,ATVx3r7RRAnNcHQ,AB00540,ZIP016,AB00540
P-87,ZIP016,DRAFT,BcyxQ75OpLppYRP,11-1DD,ZIP016,11-1DD
P-88,ACT005,DRAFT,INwmeHFPSZFpim3,AD00110088,ACT005,AD00110088
P-96,HUM024,DRAFT,hhtzKchrNX12fYd,H3500102,HUM024,H3500102
P-96,HUM024,DRAFT,en3dERfzNoMNIpC,H3500605,HUM024,H3500605
P-101,AGW001,DRAFT,0Cqh0UW92XlYH8n,H3500946,AGW001,H3500946
P-101,AGW001,DRAFT,iZ9z32v6nvO4FIy,H3501209,AGW001,H3501209
P-102,AGF002,DRAFT,xCIdmECnAq9MPyS,AD0024045,AGF002,AD0024045
P-102,AGF002,DRAFT,8oUNOQbsWtVxW9K,AD0024088,AGF002,AD0024088
P-103,AGW001,DRAFT,DWgSnT9noiOpTi1,AD00110088,AGW001,AD00110088
P-103,AGW001,DRAFT,oaJeuqWao4iGQBm,AD0014045,AGW001,AD0014045
P-104,AGW001,DRAFT,VdM8E5fFg0SjptO,AD00110088,AGW001,AD00110088
P-104,AGW001,DRAFT,I7XleRyXiFlr6MB,AD0014045,AGW001,AD0014045
P-104,AGW001,DRAFT,jP1qcYvfxdz2BY1,AD0014088,AGW001,AD0014088
P-105,AGW001,DRAFT,eCiRoEmqAr5N0wc,AD025151045,AGW001,AD025151045
P-105,AGW001,DRAFT,huJSXZoqthVJtAC,AD025221588,AGW001,AD025221588
P-105,AGW001,DRAFT,gN2hNMdcUIzaAFz,AD042105088,AGW001,AD042105088
P-106,AGW001,DRAFT,axHkCXLV6OmevjP,AD00110045,AGW001,AD00110045
P-106,AGW001,DRAFT,Ika8EjkUHPD0h8U,AD0014088,AGW001,AD0014088
P-107,,DRAFT,hqbVeRNn6yl07KM,AB00540,,AB00540
P-114,HUM011,DEAL,2ureaVJUE7TkUZW,H2500017,HUM011,H2500017
P-114,HUM011,DEAL,rqA3xbL8x47rBPW,H2500040,HUM011,H2500040
P-114,HUM011,DEAL,8LpFEfh4LxZ9Fvf,H0100370,HUM011,H0100370
P-114,HUM011,DEAL,4TWA3Gl5imxZJ2L,H0100375,HUM011,H0100375
P-115,HUM011,DEAL,6zAhkhCBmjPuWOI,H3502102,HUM011,H3502102
P-115,HUM011,DEAL,h8CJ4qhZatr4ssu,H3500174,HUM011,H3500174
P-115,HUM011,DEAL,Xe8dQiqis9aptqQ,H3500446,HUM011,H3500446
P-120,ZIP016,DRAFT,XpSpCU7l716Won0,AB00550,ZIP016,AB00550
P-122,,DRAFT,u95B67B3VpEMInk,AB00565,,AB00565
P-124,HUM012,DEAL,M0884GtCXGF9im7,H3500023,HUM012,H3500023
P-125,HUM069,DEAL,BfsVhyPNtzMHWIR,H3500000,HUM069,H3500000
P-125,HUM069,DEAL,wUqkEEDlnqGrfkB,H3500104,HUM069,H3500104
P-125,HUM069,DEAL,eAWkt5Z2PDBuTtF,H3500264,HUM069,H3500264
P-126,ZIP006,DRAFT,52Ezrqd1fHm5YU2,AB00540,ZIP006,AB00540
P-131,HUM011,DEAL,MNVzjgYF7f3XffU,H0100310,HUM011,H0100310
P-131,HUM011,DEAL,J3eAMQlrXJIDWcL,H0100370,HUM011,H0100370
P-140,ZIP001,DRAFT,BSuZ9px4ZCYGY7U,AB00540,ZIP006,AB00540
P-141,ZIP006,DRAFT,LPlPDM9fZndOXcG,AB00540,ZIP006,AB00540
P-143,ACT008,DRAFT,QD7P4yfVcRcpJzx,AB00540,ZIP006,AB00540
P-144,,DRAFT,XtUw4q0VtP0e1ws,AB00540,ZIP006,AB00540
P-145,ZIP006,DRAFT,1mLjKFFx4FlW37R,AD00110045,ZIP006,AD00110045
P-145,ZIP006,DRAFT,C6lJDm0hPtFouwt,AB00532,ZIP006,AB00532
P-145,ZIP006,DRAFT,hqOnwrVhaUjlJ81,AB00550,ZIP006,AB00550
P-145,ZIP006,DRAFT,wYZ1UQOO5Jkkzw5,AB00565,ZIP006,AB00565
P-146,,DRAFT,fhhOfiWgAdMDClx,AB00532,,AB00532
P-147,,DRAFT,fhhOfiWgAdMDClx,AB00532,,AB00532
P-148,ACT002,DRAFT,3zH41OHWQtVSpSO,11-1DD,,
P-150,ZIP006,DEAL,SoX4jmfvrJaRIjG,AD00110045,ZIP006,AD00110045
P-150,ZIP006,DEAL,iA7l3dHBk1MCEYg,AD00110088,ZIP006,AD00110088
P-150,ZIP006,DEAL,agjJHLOivcvrG3k,AD0014045,ZIP006,AD0014045
P-150,ZIP006,DEAL,cGs7qEVcpXV0SeH,AD0014088,ZIP006,AD0014088
P-150,ZIP006,DEAL,h5ovdrLwFnS8s2W,AB00540,ZIP006,AB00540
P-150,ZIP006,DEAL,yTWFgoTbOL92ZzK,AB00550,ZIP006,AB00550
P-150,ZIP006,DEAL,jgu7in7FEnweGGo,AB00565,ZIP006,AB00565
P-151,HUM011,DEAL,wOlcJ5aOIJ5ZOb2,H2500065,HUM011,H2500065
P-151,HUM011,DEAL,IW7UF4Inr9GvLNo,H2500058,HUM011,H2500058
P-151,HUM011,DEAL,TLdfQet1Rt8ZraR,H2500060,HUM011,H2500060
P-151,HUM011,DEAL,x3RgQY0UJRInDgc,H3500721,HUM011,H3500721
P-152,ZIP006,DEAL,SoX4jmfvrJaRIjG,AD00110045,ZIP006,AD00110045
P-152,ZIP006,DEAL,iA7l3dHBk1MCEYg,AD00110088,ZIP006,AD00110088
P-152,ZIP006,DEAL,agjJHLOivcvrG3k,AD0014045,ZIP006,AD0014045
P-152,ZIP006,DEAL,cGs7qEVcpXV0SeH,AD0014088,ZIP006,AD0014088
P-152,ZIP006,DEAL,h5ovdrLwFnS8s2W,AB00540,ZIP006,AB00540
P-152,ZIP006,DEAL,yTWFgoTbOL92ZzK,AB00550,ZIP006,AB00550
P-152,ZIP006,DEAL,jgu7in7FEnweGGo,AB00565,ZIP006,AB00565
P-153,ZIP007,DEAL,SoX4jmfvrJaRIjG,AD00110045,ZIP007,AD00110045
P-153,ZIP007,DEAL,iA7l3dHBk1MCEYg,AD00110088,ZIP007,AD00110088
P-153,ZIP007,DEAL,agjJHLOivcvrG3k,AD0014045,ZIP007,AD0014045
P-153,ZIP007,DEAL,cGs7qEVcpXV0SeH,AD0014088,ZIP007,AD0014088
P-153,ZIP007,DEAL,h5ovdrLwFnS8s2W,AB00540,ZIP006,AB00540
P-153,ZIP007,DEAL,yTWFgoTbOL92ZzK,AB00550,ZIP007,AB00550
P-153,ZIP007,DEAL,jgu7in7FEnweGGo,AB00565,ZIP007,AB00565
P-154,ZIP006,DRAFT,SoX4jmfvrJaRIjG,AD00110045,ZIP006,AD00110045
P-154,ZIP006,DRAFT,iA7l3dHBk1MCEYg,AD00110088,ZIP006,AD00110088
P-154,ZIP006,DRAFT,agjJHLOivcvrG3k,AD0014045,ZIP006,AD0014045
P-154,ZIP006,DRAFT,cGs7qEVcpXV0SeH,AD0014088,ZIP006,AD0014088
P-154,ZIP006,DRAFT,Z90OXgcajcpPOPT,AD0015088,ZIP006,AD0015088
P-154,ZIP006,DRAFT,h5ovdrLwFnS8s2W,AB00540,ZIP006,AB00540
P-154,ZIP006,DRAFT,yTWFgoTbOL92ZzK,AB00550,ZIP006,AB00550
P-154,ZIP006,DRAFT,jgu7in7FEnweGGo,AB00565,ZIP006,AB00565
P-155,,DRAFT,PmaRRHVjCr8kbd2,11-1AA,ACT000,11-1AA
P-155,,DRAFT,lAQ99RgFvUaf6mt,RTM,,
P-156,,DRAFT,YC8IX7oZfwblxnx,MTO,,MTO
P-156,,DRAFT,4kwWZ3SnzvmbgwR,RTM,,
P-157,,DRAFT,n1er1OYmd8C7mFL,RTM,ACT000,
P-158,HYN605,DRAFT,CbrmXY0m6ctSO65,AD00110088,HYN605,AD00110088
P-158,HYN605,DRAFT,v0oEvwkyTPGyzAk,AD0015045,HYN605,AD0015045
P-158,HYN605,DRAFT,4tJDo9t7Rh06UyV,RTM,HYN605,
P-159,,DRAFT,AFeOu17qEJuho48,11-1AA,,11-1AA
P-159,,DRAFT,Qrvzzchc3mIO2oH,RTM,,
P-160,,DRAFT,DR2NQl3CQaxYyeW,11-1CC,,11-1CC
P-160,,DRAFT,FkDmRfaGKwKgNzt,11-1AA,,11-1AA
P-160,,DRAFT,VMMB5nUgjV0gsvg,11-1DD,,11-1DD
P-160,,DRAFT,WfzNEJsmjSE1VhI,11-1BB,,11-1BB
P-162,HYN605,OFFER,Xz67iomDwwtcvCF,AD00210015,HYN605,AD00210015
P-162,HYN605,OFFER,UvIJQFlYuiJK7Up,AD00110045,HYN605,AD00110045
P-163,,DRAFT,fvyBQKhBAFyG9UH,11-1EE,,11-1EE
P-163,,DRAFT,hMMsooMkFYtMMa5,11-1BB,,11-1BB
P-163,,DRAFT,TWOWUMdZ7UpRD3h,11-1CC,,11-1CC
P-163,,DRAFT,1orHNdK9Ko1j0nq,AB00532,,AB00532
P-164,HYN605,DRAFT,uO56UV4E8Hz5p0N,AD0015045,HYN605,AD0015045
P-164,HYN605,DRAFT,PgcsL5YAX2ZI89D,RTM,HYN605,
P-165,ACT000,DRAFT,2tQ2UptAmXmiVWb,11-1CC,ACT000,11-1CC
P-165,ACT000,DRAFT,jj9Mkv7NM3bI5uU,11-1AA,ACT000,11-1AA
P-166,HYN605,DEAL,ed5goUVyHlGWAfS,AD00110045,HYN605,AD00110045
P-167,HUM069,DEAL,0208CvkIjY3A0iW,H0100315,HUM069,H0100315
P-167,HUM069,DEAL,QDwjiDrxthOsLa3,H0100290,HUM069,H0100290
P-171,ZIP006,DEAL,v20sv9JF0ULIXSf,AB00540,ZIP006,AB00540
P-172,,DRAFT,ufiTaUGiNiEFuRw,11-1AA,,11-1AA
P-173,HYN605,DRAFT,mTB0RtmGFUuJMy6,AD00110045,HYN605,AD00110045
P-174,HUM011,DRAFT,74ye0yk0fnIW60y,H2500065,HUM011,H2500065
P-175,HUM011,DEAL,u0jIkq6dGe6USMN,G2701225,HUM011,G2701225
P-175,HUM011,DEAL,CQM21K4rT9JDpvy,G2700065,HUM011,G2700065
P-176,HYN605,OFFER,18r2BXyVshimJNj,AD00110088,HYN605,AD00110088
P-176,HYN605,OFFER,yRy0FUhA5IsO7t9,AD0015045,HYN605,AD0015045
P-176,HYN605,OFFER,8YtXWP0dlngmGs0,RTM,HYN605,
P-177,HYN605,OFFER,AMYKqwZqOGIxyLk,11-1CC,HYN605,11-1CC
P-179,,OFFER,wojlj2Sdk6i1fWe,RTM,,
P-180,ZIP006,DRAFT,hrpA7pEW0Z8SoK2,AB00540,ZIP006,AB00540
P-180,ZIP006,DRAFT,AhAxShN1fRZq5iu,AB00532,ZIP006,AB00532
P-181,HYN605,OFFER,0NX2IU7CYOpQSaz,H0100310,HYN605,H0100310
P-183,AGW001,DRAFT,kJVZ4BqtHKgm5i8,AB00540,AGW001,AB00540
P-185,HUM011,OFFER,qE6CIUcuAzfW1h3,H2500065,HUM011,H2500065
P-185,HUM011,OFFER,iBf58kuzL3ipTT9,H2500058,HUM011,H2500058
P-185,HUM011,OFFER,q27zkFK7Z3t9rf1,H2500060,HUM011,H2500060
P-186,HYN605,DRAFT,aYCgc2QH3qzARJd,AD00110088,HYN605,AD00110088
P-186,HYN605,DRAFT,5bhvzdnT3EQwfpH,AD00210060,HYN605,AD00210060
P-187,,DRAFT,WjDuvDrbMOWFxTW,RTM,,
P-187,,DRAFT,Ba4NrjaZjHp6GfQ,11-1AA,,11-1AA
P-188,HYN605,OFFER,OwSjSgjOhrLnkgU,H2500058,HYN605,H2500058
P-188,HYN605,OFFER,tg3VhhhsLhl7JC2,H2500060,HYN605,H2500060
P-188,HYN605,OFFER,JnBNRviXTc0z6EQ,H2500065,HYN605,H2500065
P-189,HUM011,OFFER,ScKaFikkQQKCMiQ,H2500065,HUM011,H2500065
P-189,HUM011,OFFER,IGDYt9A0qqOWJS0,H2500058,HUM011,H2500058
P-189,HUM011,OFFER,mMrFD8wJtJudqjL,H2500060,HUM011,H2500060
P-190,,DRAFT,WpfFs1TCOeGwhdX,11-1AA,,11-1AA
P-190,,DRAFT,T5cBg6455yYvkIM,RTM,,
P-190,,DRAFT,zM13pKHYBNNX0wN,XY,,XY
P-191,ZIP001,DRAFT,icEc00cQ5D18nwl,AB00540,ZIP001,AB00540
P-192,,DRAFT,3Eef9VMTlpSrKHB,AB00540,,AB00540
P-193,,OFFER,gaCyG5r2R59NYtV,AB00540,,AB00540
P-195,ZIP006,OFFER,Ob6Q2w7Srai2Il7,AB00540,ZIP006,AB00540
P-196,ZIP006,OFFER,Ob6Q2w7Srai2Il7,AB00540,ZIP006,AB00540
P-197,ZIP006,OFFER,Ob6Q2w7Srai2Il7,AB00540,ZIP006,AB00540
P-198,ZIP006,OFFER,Ob6Q2w7Srai2Il7,AB00540,ZIP006,AB00540
P-199,ZIP006,OFFER,Ob6Q2w7Srai2Il7,AB00540,ZIP006,AB00540
P-200,ZIP006,OFFER,Ob6Q2w7Srai2Il7,AB00540,ZIP006,AB00540
P-201,ZIP006,DRAFT,Ob6Q2w7Srai2Il7,AB00540,ZIP006,AB00540
P-202,ZIP006,DRAFT,Ob6Q2w7Srai2Il7,AB00540,ZIP006,AB00540
P-203,ZIP006,DRAFT,Ob6Q2w7Srai2Il7,AB00540,ZIP006,AB00540
P-204,HUM011,OFFER,dPSpL47r6QvWwxF,H2500065,HUM011,H2500065
P-204,HUM011,OFFER,f0jbUQKBhn6GEzQ,H2500058,HUM011,H2500058
P-204,HUM011,OFFER,jolH2xabEUkTYSQ,H2500060,HUM011,H2500060
P-167,HUM069,DEAL,0208CvkIjY3A0iW,H0100315,HUM069,H0100315
P-167,HUM069,DEAL,QDwjiDrxthOsLa3,H0100290,HUM069,H0100290
P-167,HUM069,DEAL,0208CvkIjY3A0iW,H0100315,HUM069,H0100315
P-167,HUM069,DEAL,QDwjiDrxthOsLa3,H0100290,HUM069,H0100290
P-208,HUM011,DRAFT,e5Kcluk9Fhwwa4Y,H2500065,HUM011,H2500065
P-208,HUM011,DRAFT,pyoC0Cn7gNyb5Xu,H2500058,HUM011,H2500058
P-208,HUM011,DRAFT,HeFjvAbXURzJEzM,H2500060,HUM011,H2500060
P-209,ZIP006,DRAFT,1vOFcER5H3OQ5lq,AB00540,ZIP006,AB00540
P-210,FAR234,DRAFT,nh2cIIqlCorqrW4,H2500065,FAR234,H2500065
P-210,FAR234,DRAFT,MvCBXiSoHrEDsPP,H2500058,FAR234,H2500058
P-210,FAR234,DRAFT,gBTjlqf0l6rdO4w,H2500060,FAR234,H2500060
P-211,HUM011,DRAFT,NW3QJ8nbVlGgBwg,H2500065,HUM011,H2500065
P-211,HUM011,DRAFT,NVRW8ASlcW9A9Fc,H2500058,HUM011,H2500058
P-211,HUM011,DRAFT,cMUvXRn8IoYXrwh,H2500060,HUM011,H2500060
P-214,ZIP006,SUPERSEDED,G4XYNyIuOloVNU8,AB00540,ZIP006,AB00540
P-215,AGF002,OFFER,houJ7wk4MNmKnqh,H0360060,AGF002,H0360060
P-215,AGF002,OFFER,og0aezzyP35AFt0,H0360075,AGF002,H0360075
P-215,AGF002,OFFER,njwy8AoxI7xf1NM,H0360091,AGF002,H0360091
P-215,AGF002,OFFER,SsoOZjOX4r5Qjvv,H0360101,AGF002,H0360101
P-216,AGF002,OFFER,SE6cF3aNnlEZOnB,RTM,AGF002,
P-217,AGF002,OFFER,keWKslNCWrMIOGx,AD00110045,AGF002,AD00110045
P-217,AGF002,OFFER,hCfvi8SE8imzwSy,AD00110088,AGF002,AD00110088
P-218,,OFFER,u6BTySTdvstj1tL,AD00110045,,AD00110045
P-219,ZIP006,DRAFT,6RgcdiFJOLC4I8V,RTM,ZIP006,
P-221,HYN605,DRAFT,UeHLldZoWAnNopd,MTO,HYN605,MTO
P-221,HYN605,DRAFT,7u12VqkhOPTkSQG,RTM,HYN605,
P-223,AGF002,OFFER,oIymPravIrWFVfA,AD0015045,AGF002,AD0015045
P-224,HUM995,OFFER,LXy5ONvvjpV2gAO,RTM,HUM995,
P-224,HUM995,OFFER,y94UvTH4loZGr5g,RTM,HUM995,
P-224,HUM995,OFFER,Dpf8xKKDsRK6dSD,H3500733,HUM995,H3500733
P-225,ZIP006,DRAFT,Zn10hiemAaqj7q7,H0300015,ZIP006,H0300015
P-225,ZIP006,DRAFT,KhMS0PBR3yPHg99,H3500642,ZIP006,H3500642
P-225,ZIP006,DRAFT,7VMdEHSmorInTHx,H0402081,ZIP006,H0402081
P-225,ZIP006,DRAFT,pAXp0T1cRoxwIh2,E0800817,ZIP006,E0800817
P-225,ZIP006,DRAFT,yDDPTzqEXs2XiiC,E0802232,ZIP006,E0802232
P-225,ZIP006,DRAFT,ZlAbgEUKoZDBrGv,E0880015,ZIP006,E0880015
P-226,ZIP006,DRAFT,BRloi25gR5hnOLL,E0800817,ZIP006,E0800817
P-226,ZIP006,DRAFT,XrusrqaSfrjFTnU,E0802232,ZIP006,E0802232
P-226,ZIP006,DRAFT,C7dOUoh2UdNkeUY,H3500642,ZIP006,H3500642
P-226,ZIP006,DRAFT,x4CjI2Dm4zaRWhU,E0880015,ZIP006,E0880015
P-226,ZIP006,DRAFT,SiWPZUJfK3XFVzc,H0402081,ZIP006,H0402081
P-228,MIC017,OFFER,XbWKGAjcaH33HCN,E1880040,MIC017,E1880040
P-229,HUM025,DRAFT,wPi8edi60O75dVu,H0100030,HUM025,H0100030
P-229,HUM025,DRAFT,ct0R0Q0pRGzJ48M,H0100033,HUM025,H0100033
P-229,HUM025,DRAFT,Bsr6J2EyLJIAKWq,H0100315,HUM025,H0100315
P-229,HUM025,DRAFT,07L4h1tGcAZk51I,H0100290,HUM025,H0100290
P-229,HUM025,DRAFT,2XiCyNieUDIVOlg,H0100280,HUM025,H0100280
P-229,HUM025,DRAFT,WbSyD7hGCplFyTd,H0100330,HUM025,H0100330
P-229,HUM025,DRAFT,RnC62bOs20u8ejF,H0100305,HUM025,H0100305
P-230,ADV001,DRAFT,8jrlgMMDIEkQ0x2,H0100028,ADV001,H0100028
P-231,HUM025,DRAFT,p2CiOLKzocLrlTg,H0100236,HUM025,H0100236
P-231,HUM025,DRAFT,zUpmjod08vrLrQq,H0100315,HUM025,H0100315
P-231,HUM025,DRAFT,w24bxgy4xRMYpJw,H0100290,HUM025,H0100290
P-231,HUM025,DRAFT,YQ5CMdrTFcNbtMT,H0100310,HUM025,H0100310
P-232,HUM025,DRAFT,gQteDNNcB9vwwcy,H0100236,HUM025,H0100236
P-232,HUM025,DRAFT,SEjRfvxvzxJ4Wez,H0100315,HUM025,H0100315
P-232,HUM025,DRAFT,gMO8SGNNNBAMDKI,H0100290,HUM025,H0100290
P-232,HUM025,DRAFT,yNrL9FuNjBwgOZv,H0100310,HUM025,H0100310
P-233,HUM025,DRAFT,bMUfYgto6Jmf6CT,H0100450,HUM025,H0100450
P-234,ZIP006,DRAFT,CpoKyFNRYQ0dc1E,H0100446,,
P-234,ZIP006,DRAFT,KcFtWeRvJ6GJluN,H0100450,,
P-234,ZIP006,DRAFT,PnGGIUbnd8iW2jx,H0100008,,
P-234,ZIP006,DRAFT,erui7vuvWTHZiTK,H0100007,,
P-234,ZIP006,DRAFT,9eIlKsbcLQzD4yO,H0100010,,
P-234,ZIP006,DRAFT,5LLel0gzTUwDdIp,H0100446,,
P-234,ZIP006,DRAFT,sJy02bO7pcWQmmJ,RTM,,
P-236,HYN118,OFFER,ximS8MsdPOKpHVO,H0100228,HYN118,H0100228
P-236,HYN118,OFFER,jNb29QuqodFGYEA,H0100327,HYN118,H0100327
P-236,HYN118,OFFER,ihKTNAvo9qGEEUS,H2500065,HYN118,H2500065
P-237,HYN105,OFFER,WDmhDzO3ePdFTTD,H2500205,HYN105,H2500205
P-238,HUM021,DRAFT,XUTccumlBlk0A67,H0100228,HUM021,H0100228
P-240,HUM021,DRAFT,sz7NX8jNei9LHp3,H2502025,HUM021,H2502025
P-240,HUM021,DRAFT,nilpzjBCtcGZhi0,H3502331,HUM021,H3502331
P-240,HUM021,DRAFT,ckBphas2ubnIX55,H3502332,HUM021,H3502332
P-241,HUM035,OFFER,Q0KvuWOPQMGjgNc,H0100027,HUM035,H0100027
P-241,HUM035,OFFER,ozTzptjaqh72I0c,H0100029,HUM035,H0100029
P-241,HUM035,OFFER,1Wajx6QS8Aa0wjS,H0100030,HUM035,H0100030
P-243,HUM035,OFFER,9msxzgqcSiCYZLb,H0100030,HUM035,H0100030
P-245,HUM035,OFFER,FF8vSSI6q1q2Npw,H0100020,HUM035,H0100020
P-245,HUM035,OFFER,TrOhU9u09yWo1E2,H0100030,HUM035,H0100030
P-246,HUM035,OFFER,n38oq5Btfpbzr8h,H0100032,HUM035,H0100032
P-246,HUM035,OFFER,yTS6Ibt1AlVrCbC,H0100048,HUM035,H0100048
P-247,HUM035,OFFER,mqE7GCPjbT5nMuc,H0100027,HUM035,H0100027
P-247,HUM035,OFFER,PKyFLCsWsxHKDkc,H0100029,HUM035,H0100029
P-247,HUM035,OFFER,98pH5tTb6cKRJYk,H0100226,HUM035,H0100226
P-247,HUM035,OFFER,VBRY3URvYsZha4q,H0100227,HUM035,H0100227
P-248,HUM035,SUPERSEDED,D5tyUtgF4fnHXWW,RTM,HUM035,
P-214,ZIP006,SUPERSEDED,G4XYNyIuOloVNU8,AB00540,ZIP006,AB00540
P-248,HUM035,SUPERSEDED,D5tyUtgF4fnHXWW,RTM,HUM035,
P-248,HUM035,SUPERSEDED,D5tyUtgF4fnHXWW,RTM,HUM035,
P-252,HYN105,OFFER,bhUuTzksgr9qjfT,H0100236,HYN105,H0100236
P-236,HYN118,OFFER,ximS8MsdPOKpHVO,H0100228,HYN118,H0100228
P-236,HYN118,OFFER,jNb29QuqodFGYEA,H0100327,HYN118,H0100327
P-236,HYN118,OFFER,ihKTNAvo9qGEEUS,H2500065,HYN118,H2500065
P-259,ALL003,OFFER,kqzElzIMxsCzn26,H2601040,ALL003,H2601040
P-260,ALL003,OFFER,c4E0L82Vd9h5oPY,H0100230,ALL003,H0100230
P-260,ALL003,OFFER,s6Ga7aH5Lg9ojQZ,AD00210045,ALL003,AD00210045
P-204,HUM011,OFFER,dPSpL47r6QvWwxF,H2500065,HUM011,H2500065
P-204,HUM011,OFFER,f0jbUQKBhn6GEzQ,H2500058,HUM011,H2500058
P-204,HUM011,OFFER,jolH2xabEUkTYSQ,H2500060,HUM011,H2500060
P-262,HYN105,DRAFT,kkrkawHk3xxyq2u,H0100027,HYN105,H0100027
P-262,HYN105,DRAFT,8KLLiYhsuRLWx6D,H0100029,HYN105,H0100029
P-262,HYN105,DRAFT,CZFeZPDIlmSem81,H0100226,HYN105,H0100226
P-262,HYN105,DRAFT,ZU9wyO0qp0pzT3m,H0100227,HYN105,H0100227
P-263,HUM052,OFFER,iaW9SuHLSWLL1AB,H0100315,HUM052,H0100315
P-263,HUM052,OFFER,tSOP9mdJyQN2oX9,H0100290,HUM052,H0100290
P-264,HUM035,SUPERSEDED,RP2n9goHUohY6OF,RTM,HUM035,
P-264,HUM035,SUPERSEDED,RP2n9goHUohY6OF,RTM,HUM035,
P-267,ALL003,OFFER,BbNSLv29GWbvfHh,H2601040,ALL003,H2601040
P-268,ALL003,DRAFT,knZFoa5opeR8mOu,H0100230,ALL003,H0100230
P-268,ALL003,DRAFT,yh8pw0SKRJBkC7c,AD00210045,ALL003,AD00210045
P-269,ALL003,OFFER,JegrSIG254PORRn,H0100020,ALL003,H0100020
P-270,ALL003,OFFER,RnMP1LxzY9pjttB,G2701025,ALL003,G2701025
P-270,ALL003,OFFER,aokKEmzFDP1A8WW,G2701030,ALL003,G2701030
P-271,ALL003,OFFER,2ocApWtkHTrvXiE,H0100028,ALL003,H0100028
P-271,ALL003,OFFER,zC9MHqHNSwbo6il,H0100030,ALL003,H0100030
P-272,ALL003,SUPERSEDED,xaZq2qO0jYhUgdE,RTM,ALL003,
P-271,ALL003,OFFER,2ocApWtkHTrvXiE,H0100028,ALL003,H0100028
P-271,ALL003,OFFER,zC9MHqHNSwbo6il,H0100030,ALL003,H0100030
P-272,ALL003,SUPERSEDED,xaZq2qO0jYhUgdE,RTM,ALL003,
P-275,ALL003,OFFER,jP5CAuXKrPmOm0P,H0100028,ALL003,H0100028
P-275,ALL003,OFFER,dhIKx9cCeI8pRet,H0100030,ALL003,H0100030
P-276,HYN015,DRAFT,0L4eQJk6kcEs9C6,E0802045,HYN015,E0802045
P-276,HYN015,DRAFT,hPW4xtcrUImD4pK,E0802120,HYN015,E0802120
P-276,HYN015,DRAFT,ANc1o0TxBPVfMrn,H2500065,HYN015,H2500065
P-276,HYN015,DRAFT,GxbrRkagVwHDR0q,H2500058,HYN015,H2500058
P-276,HYN015,DRAFT,kX5Wfbq7bGuanJc,H2500060,HYN015,H2500060
P-276,HYN015,DRAFT,FltGO1UE8Jl3Kmf,H2600674,HYN015,H2600674
P-276,HYN015,DRAFT,wxnWehPQdMcwGCm,H2600678,HYN015,H2600678
P-276,HYN015,DRAFT,zaSOQ3FumuLSIf9,H3502100,HYN015,H3502100
P-276,HYN015,DRAFT,5T764p87uvGYuVG,H3502102,HYN015,H3502102
P-276,HYN015,DRAFT,xZlQL1ZQTLxxERi,H3502101,HYN015,H3502101
P-276,HYN015,DRAFT,43oib8S6io1K3U1,H3502106,HYN015,H3502106
P-276,HYN015,DRAFT,kOoU20FA8kBb9pe,H3500174,HYN015,H3500174
P-276,HYN015,DRAFT,Seqaz9LqvUEjx5u,H3500179,HYN015,H3500179
P-276,HYN015,DRAFT,VpI9hZZ99ZJWVc8,H3502105,HYN015,H3502105
P-276,HYN015,DRAFT,5pAW5LYOdDVtfIx,H3502104,HYN015,H3502104
P-277,HUM012,DRAFT,XDPnvabYPMm4gdF,G0700140,HUM012,G0700140
P-278,HYN017,OFFER,Osr6j9yvlLmo2Da,H0100010,HYN017,H0100010
P-279,HYN017,OFFER,aZe2R5aLsko2Ajb,H0100047,HYN017,H0100047
P-281,HYN017,OFFER,KeoQKOcdSCu5i5H,H0100010,HYN017,H0100010
P-282,HYN017,OFFER,ndApha9u1DDSNZG,H0100010,HYN017,H0100010
P-283,HYN017,OFFER,qdG5Od4whcq9FIq,H0100020,HYN017,H0100020
P-284,ALL003,OFFER,69m3OX2RW6UkPgY,H0100010,ALL003,H0100010
P-285,ADV003,OFFER,feSsQpTOOFnNyug,RTM,ADV003,
P-286,HYN015,OFFER,qCiKFy92k8ZKJDD,H0100020,HYN015,H0100020
P-286,HYN015,OFFER,qCiKFy92k8ZKJDD,H0100020,HYN015,H0100020
P-289,HYN010,SUPERSEDED,DDuG589DjCZweom,H0100325,HYN010,H0100325
P-289,HYN010,SUPERSEDED,YAOmGWjXqeUyFnL,H0100227,HYN010,H0100227
P-289,HYN010,SUPERSEDED,DDuG589DjCZweom,H0100325,HYN010,H0100325
P-289,HYN010,SUPERSEDED,YAOmGWjXqeUyFnL,H0100227,HYN010,H0100227
P-293,ACT013,OFFER,orwclVxy9dyzTlv,H0100049,ACT013,H0100049
P-294,ZIP006,OFFER,UXs6jtKbIgiQ6w1,AB00540,ZIP006,AB00540
P-295,HYN017,OFFER,MY36i72aVI3umtJ,H0100020,HYN017,H0100020
P-296,HYN017,SUPERSEDED,LK0iTN7NckiFBhM,H0100020,HYN017,H0100020
P-296,HYN017,SUPERSEDED,K9ldqbcpZbMvgbw,H0100315,HYN017,H0100315
P-297,ALL003,OFFER,zeIOILy1rlqK4nA,G2701025,ALL003,G2701025
P-297,ALL003,OFFER,R5qJDaEZS4qctIv,G2701030,ALL003,G2701030
P-298,HYN015,OFFER,NS2amzuYQIWjinh,E0802005,HYN015,E0802005
P-298,HYN015,OFFER,YSDVqPwXbMRxxLD,E0802017,HYN015,E0802017
P-298,HYN015,OFFER,PHgcRw4DH9xLNIn,E0802055,HYN015,E0802055
P-298,HYN015,OFFER,8cRfqc2sMxSdPm9,E0802065,HYN015,E0802065
P-299,ALL003,OFFER,qgP2Gs1DzojIc0p,RTM,ALL003,
P-300,ALL003,SUPERSEDED,KHuvmVnaYar6JnT,RTM,ALL003,
P-300,ALL003,SUPERSEDED,KHuvmVnaYar6JnT,RTM,ALL003,
P-302,ALL003,OFFER,G51MIoXlKFA8Oqx,H0100020,ALL003,H0100020
P-296,HYN017,SUPERSEDED,LK0iTN7NckiFBhM,H0100020,HYN017,H0100020
P-296,HYN017,SUPERSEDED,K9ldqbcpZbMvgbw,H0100315,HYN017,H0100315
P-305,ZIP001,OFFER,oU6fHDpdFS3UWZC,AB00540,ZIP001,AB00540
P-306,ZIP006,OFFER,0L5BOEa21ChvAk2,AB00540,ZIP006,AB00540
P-307,ZIP006,OFFER,uDPj5WfmpeFOZiB,AB00540,ZIP006,AB00540
P-308,ZIP006,DEAL,Tnj4vI6YHHFrWWU,AB00540,ZIP006,AB00540
P-309,HYN017,SUPERSEDED,To7I2Utj1miPNup,H0100020,HYN017,H0100020
P-309,HYN017,SUPERSEDED,To7I2Utj1miPNup,H0100020,HYN017,H0100020
P-311,ACT016,DRAFT,MussWOjJ6QQWcN8,DZ000930,ACT016,DZ000930
P-315,HUM011,OFFER,YQJSvwCclyPZ9pP,H3502105,HUM011,H3502105
P-317,HUM031,DRAFT,tEJEDkGx9VoDIXV,H0100282,HUM031,H0100282
P-317,HUM031,DRAFT,T1h4oYbwCV36mhm,H0100280,HUM031,H0100280
P-320,FAR234,SUPERSEDED,MF8SZeYk9Y9obCX,H0503045,FAR234,H0503045
P-320,FAR234,SUPERSEDED,GB7nk2SPy0SOqup,RTM,FAR234,
P-321,FRA002,SUPERSEDED,83fR2kujQeNSRYO,H0100400,FRA002,H0100400
P-321,FRA002,SUPERSEDED,83fR2kujQeNSRYO,H0100400,FRA002,H0100400
P-321,FRA002,SUPERSEDED,83fR2kujQeNSRYO,H0100400,FRA002,H0100400
P-325,HUM025,DRAFT,TpEAaS34xL2mwS5,H0100400,HUM025,H0100400
P-326,FAR203,SUPERSEDED,aUyJq2ElObqs5vQ,H0500042,FAR203,H0500042
P-326,FAR203,SUPERSEDED,NszTagpErliG1UG,H0503040,FAR203,H0503040
P-326,FAR203,SUPERSEDED,aUyJq2ElObqs5vQ,H0500042,FAR203,H0500042
P-326,FAR203,SUPERSEDED,NszTagpErliG1UG,H0503040,FAR203,H0503040
P-320,FAR234,SUPERSEDED,MF8SZeYk9Y9obCX,H0503045,FAR234,H0503045
P-320,FAR234,SUPERSEDED,GB7nk2SPy0SOqup,RTM,FAR234,
P-320,FAR234,SUPERSEDED,MF8SZeYk9Y9obCX,H0503045,FAR234,H0503045
P-320,FAR234,SUPERSEDED,GB7nk2SPy0SOqup,RTM,FAR234,
P-331,ACT006,DRAFT,StjlJWN35PPi5F9,RTM,ACT003,
P-334,ZIP006,OFFER,3k4UNveMb2MEswR,RTM,ZIP006,
P-335,ZIP001,OFFER,Kjcb5Ro0ejYTcDd,H0100010,ZIP001,H0100010
P-336,HYN014,OFFER,RNabiSL4GX1rlmY,H0100035,HYN014,H0100035
P-338,ZIP006,DRAFT,Xw2zjijei9wT10Q,H0100446,,
P-339,AGW002,DRAFT,Fb37VjoEUEZA5M8,H0100446,,
P-339,AGW002,DRAFT,jzi5WPzaadzMUBs,H0100020,AGW002,H0100020
P-340,ACT007,DRAFT,Zjefh9pj8zp8YpE,RTM,ACT007,
P-341,HYN006,OFFER,e3OpblY6ZfK1cQ8,H0100010,HYN006,H0100010
P-342,,DRAFT,E5ydJjXOR6Bajfu,H0100446,,
P-343,HYN015,DRAFT,EY3ie4fcNauluYN,H0100446,HYN015,H0100446
P-343,HYN015,DRAFT,LEYecRSfUM3gbgL,H0100450,HYN015,H0100450
P-344,HUM025,DRAFT,XDdAUs2asCG9op6,H0100010,HUM025,H0100010
P-344,HUM025,DRAFT,xHW2aoK4Qldz7x2,H0100020,HUM025,H0100020
P-344,HUM025,DRAFT,EFhUEjatuSgtaJ6,B1210335,HUM025,B1210335
P-345,HYN005,DRAFT,IkT8tY67XTetRUI,H0100010,HYN005,H0100010
P-345,HYN005,DRAFT,mSw7bt0Q0cR2Jpe,H0100029,HYN005,H0100029
P-345,HYN005,DRAFT,68OkvrIOqDViFYA,H0100034,HYN005,H0100034
P-346,ZIP006,OFFER,fcHthr2kqT0yGBz,H0100446,ZIP006,H0100446
P-346,ZIP006,OFFER,WmfsbaTOiP8vS8d,H0100027,ZIP006,H0100027
P-346,ZIP006,OFFER,gYhK4ULA732ptLh,H0100019,ZIP006,H0100019
P-347,ACT005,OFFER,9aQvX6NGRsXnAuf,H0100020,ACT005,H0100020
P-347,ACT005,OFFER,x5bSEiS8Y0xfklz,B0803225,ACT005,B0803225
P-348,ZIP006,DRAFT,Xr31l7EMcBB2e3t,H0100446,ZIP006,H0100446
P-348,ZIP006,DRAFT,vTGdlc4hFqAOuOg,RTM,ZIP006,
P-349,ACT007,OFFER,gzm0ZmUu4MIjNee,H0100010,ACT007,H0100010
P-349,ACT007,OFFER,d9eQhlpYcsbRr4S,H0100021,ACT007,H0100021
P-349,ACT007,OFFER,uQyoXVZGvv39nTy,H0100020,ACT007,H0100020
P-349,ACT007,OFFER,fDDxVCOXrSyWSSS,H0100028,ACT007,H0100028
P-350,ZIP006,DRAFT,pG66xyJ7tgiz6P4,RTM,ZIP006,
P-351,ZIP006,DRAFT,XcvianNnfWvUnei,H0100010,ZIP006,H0100010
P-351,ZIP006,DRAFT,qBjCmC633G6Z2tM,H0100030,ZIP006,H0100030
P-354,ZIP006,DRAFT,HyQ4u2DTbKHydKN,RTM,ZIP006,
P-355,ZIP006,DRAFT,SW35fpfaR99mdf2,RTM,ZIP006,
P-356,ZIP006,DRAFT,akhkiCeRDEcqIHY,RTM,ZIP006,
P-357,ACT009,DRAFT,UxTAN5ifus8cjvE,RTM,ACT009,
P-358,ACT010,DRAFT,pGqbIVEifnKm18z,B1210335,ACT010,B1210335
P-358,ACT010,DRAFT,I2jT1ocdxr22Bhy,RTM,ACT010,
P-359,ACT009,DRAFT,7jGv2HujoQ1xDvG,RTM,ACT009,
P-361,,DRAFT,E8zC36wciIsGlok,H0100021,,
P-362,ALL003,DRAFT,6Wt5dBo2ljt8EMb,G2701025,ALL003,G2701025
P-362,ALL003,DRAFT,4tCgsKDPASaqXXR,G2701030,ALL003,G2701030
P-363,ALL003,DRAFT,zWAM9LgpM8V3tXR,G2701025,ALL003,G2701025
P-363,ALL003,DRAFT,Nc2G8nIF1SKUJq2,G2701030,ALL003,G2701030
P-365,ALL003,DRAFT,SvUgVccu9pmgmVP,H2601040,ALL003,H2601040
P-366,ALL003,DRAFT,rYuyRg4L06YGtw6,H0100020,ALL003,H0100020
P-367,ALL003,DRAFT,O17dHucBZyqcQch,H0100020,ALL003,H0100020
P-368,,DRAFT,GS5A4lZ74n8QhCT,RTM,,
P-368,,DRAFT,ryyPDlnMo9aqKSp,DZ000930,,DZ000930
P-368,,DRAFT,CoZj2OtoMiNStzd,B1210335,,B1210335
P-368,,DRAFT,Rg6lhp3blO0B2kI,H0891055,,H0891055
P-246,HUM035,OFFER,n38oq5Btfpbzr8h,H0100032,HUM035,H0100032
P-246,HUM035,OFFER,yTS6Ibt1AlVrCbC,H0100048,HUM035,H0100048
P-246,HUM035,OFFER,n38oq5Btfpbzr8h,H0100032,HUM035,H0100032
P-246,HUM035,OFFER,yTS6Ibt1AlVrCbC,H0100048,HUM035,H0100048
P-403,ALL002,DRAFT,RJ9OGjddEHVIy3k,H0100020,ALL002,H0100020
P-404,ACT000,DRAFT,7QUMYtEdjdQsHYn,H0100020,ACT000,H0100020
P-408,,DRAFT,bK1wfPR5Jvp7fY4,,,
P-408,,DRAFT,xx8cyRq4dmtEDpF,H0100008,,
P-408,,DRAFT,hNybg47ORc7J6iA,,,
P-408,,DRAFT,KZXJJ4ZhhED9dW9,H0100446,,
P-408,,DRAFT,ScdiJQLUhU4xvun,H0100021,,
P-408,,DRAFT,uH0sayYqSPqXLyO,H0100019,,
P-410,ACT000,OFFER,ZAFh5v47AIu4v6e,H0100446,ACT000,H0100446
P-431,ACT006,DRAFT,VbTXTLcdHhOSlAr,H0100032,ACT006,H0100032
P-431,ACT006,DRAFT,G8rjX0Lo2WCCtzZ,H0100010,ACT006,H0100010
P-431,ACT006,DRAFT,y6pqSRDzRWJ8Kyd,RTM,ACT006,
P-432,ACT006,DRAFT,37vx2uBD90ndpVS,H0100032,ACT006,H0100032
P-432,ACT006,DRAFT,jHLIjwXYXSv1sTJ,H0100010,ACT006,H0100010
P-432,ACT006,DRAFT,b71x3b5FN9Apwus,RTM,ACT006,
P-433,ACT006,DRAFT,BTLh9lHbgPmflFI,H0100010,ACT006,H0100010
P-433,ACT006,DRAFT,eO9NU952J3PdrIb,RTM,ACT006,
P-433,ACT006,DRAFT,DSqvOTamosi6fy0,H0100033,ACT006,H0100033
P-440,HYN118,DRAFT,YAxfwvb5iFNqtxm,H0100228,HYN118,H0100228
P-440,HYN118,DRAFT,kcJxga1xMSbvRN5,H0100327,HYN118,H0100327
P-440,HYN118,DRAFT,Jtcr5sa0ECCvKuO,H2500065,HYN118,H2500065
P-441,HUM011,DRAFT,i7OlXJiR5MIDMtE,H3502102,HUM011,H3502102
P-441,HUM011,DRAFT,uKUHB0d41364QeJ,H3500174,HUM011,H3500174
P-441,HUM011,DRAFT,3veZuxN9i6BUJfD,H3500446,HUM011,H3500446
P-442,ACT015,DRAFT,TWZ7oQGHh0flrlA,G2700065,ACT015,G2700065
P-442,ACT015,DRAFT,uVEG1l4GzsWNMBj,G2700015,ACT015,G2700015
P-443,HUM011,OFFER,8zNUoou5PAnenun,RTM,HUM011,
P-450,ACT001,SUPERSEDED,6FaHvrzHvNRIsoP,G2700015,ACT001,G2700015
P-450,ACT001,SUPERSEDED,2hgcamUrM0EbClU,G2700060,ACT001,G2700060
P-450,ACT001,SUPERSEDED,URueTm3Y7PnwMxQ,G2700065,ACT001,G2700065
P-450,ACT001,SUPERSEDED,WI8GLhLM5uSrR8e,H3500375,ACT001,H3500375
P-450,ACT001,SUPERSEDED,6FaHvrzHvNRIsoP,G2700015,ACT001,G2700015
P-450,ACT001,SUPERSEDED,2hgcamUrM0EbClU,G2700060,ACT001,G2700060
P-450,ACT001,SUPERSEDED,URueTm3Y7PnwMxQ,G2700065,ACT001,G2700065
P-450,ACT001,SUPERSEDED,WI8GLhLM5uSrR8e,H3500375,ACT001,H3500375
P-450,ACT001,SUPERSEDED,6FaHvrzHvNRIsoP,G2700015,ACT001,G2700015
P-450,ACT001,SUPERSEDED,2hgcamUrM0EbClU,G2700060,ACT001,G2700060
P-450,ACT001,SUPERSEDED,URueTm3Y7PnwMxQ,G2700065,ACT001,G2700065
P-450,ACT001,SUPERSEDED,WI8GLhLM5uSrR8e,H3500375,ACT001,H3500375
P-456,ACT005,DRAFT,gdDVbnkiba1Xjqi,G2700015,ACT005,G2700015
P-456,ACT005,DRAFT,HeKM6cVyq01bZGy,G2700060,ACT005,G2700060
P-456,ACT005,DRAFT,E5uPoAxsiF4eXqp,G2700065,ACT005,G2700065
P-456,ACT005,DRAFT,ge84yJtsbGZidi3,H3500375,ACT005,H3500375
P-459,HUM011,DRAFT,FfgWhz35lJYHnYZ,RTM,HUM011,
P-460,ACT001,DRAFT,NIttGGw1DVyWmZ2,G2700015,ACT001,G2700015
P-460,ACT001,DRAFT,DHTTRsWXoCVL8wK,G2700060,ACT001,G2700060
P-460,ACT001,DRAFT,UXEOh03Y4Y2HRbP,G2700065,ACT001,G2700065
P-460,ACT001,DRAFT,a3OitbzfK5vTFno,H3500375,ACT001,H3500375
P-481,ACT009,DRAFT,A5J9cw2rG2G717M,H0100010,ACT009,H0100010
P-481,ACT009,DRAFT,qxKqN4T7ZQrnFgi,H0100034,ACT009,H0100034
P-482,ADV001,DRAFT,z26KtrE60RR2JOm,RTM,ADV001,
P-482,ADV001,DRAFT,JpAhMxO9W5pOFj8,RTM,ADV001,
P-482,ADV001,DRAFT,jbRZPrlCNlJr5eV,H0100020,ADV001,H0100020
P-483,ACT001,OFFER,G0vGinSoVJvTHgU,G2700068,ACT001,G2700068
P-483,ACT001,OFFER,h7lqyVm8RCZI2HF,G2700069,ACT001,G2700069
P-484,HUM011,OFFER,PN3wV9ja9oHnS9Z,RTM,HUM011,
P-484,HUM011,OFFER,KGKBNJiSdq4dvua,H0100270,HUM011,H0100270
P-484,HUM011,OFFER,dE7vpWw297JSoQY,H0100310,HUM011,H0100310
P-484,HUM011,OFFER,ZF2oy7TYfkPyKFL,H0100370,HUM011,H0100370
P-484,HUM011,OFFER,QgPXUIq7xZsMgzW,H0100415,HUM011,H0100415
P-484,HUM011,OFFER,1kS3yuZuW5T62fC,H0100380,HUM011,H0100380
P-485,HYN001,DRAFT,dhU9Go8H6PJ9gqp,RTM,HYN001,
P-485,HYN001,DRAFT,Gfvv68WvKslquja,H0100270,HYN001,H0100270
P-485,HYN001,DRAFT,wwQiQKcE5fMgAet,H0100310,HYN001,H0100310
P-485,HYN001,DRAFT,d3cXUHtWLQAHmcs,H0100370,HYN001,H0100370
P-485,HYN001,DRAFT,J4bSbJA7VhGeUsC,H0100415,HYN001,H0100415
P-485,HYN001,DRAFT,XYfd5EpLC86urb2,H0100380,HYN001,H0100380
P-486,HUM011,DRAFT,xRR8Ge52SPdraol,RTM,HUM011,
P-486,HUM011,DRAFT,O89b113y6yGGpJz,H0100270,HUM011,H0100270
P-486,HUM011,DRAFT,dzJZJM5d6gjzMoy,H0100310,HUM011,H0100310
P-486,HUM011,DRAFT,KZ5VSp5olQAShvy,H0100370,HUM011,H0100370
P-486,HUM011,DRAFT,sgEHt61lCymGOle,H0100415,HUM011,H0100415
P-486,HUM011,DRAFT,GRCN39mX9coBMNF,H0100380,HUM011,H0100380
P-489,ACT004,DRAFT,D1n5EyKEOx26b6w,B1210160,ACT004,B1210160
P-489,ACT004,DRAFT,23HmPpFPe9SJHGt,DZ000930,ACT004,DZ000930
P-489,ACT004,DRAFT,Zp3PyibOpZdRsbA,H0100049,ACT004,H0100049
P-489,ACT004,DRAFT,1FzMXeq3dDuQG5d,RTM,ACT004,
P-490,,DRAFT,fnOElenYLkVJLFt,H0100446,,
P-490,,DRAFT,qI1B1nGVG32cIrK,H0100450,,
P-498,ACT009,DRAFT,fYbiMaBD2CpisYv,B1210160,ACT009,B1210160
P-498,ACT009,DRAFT,582uNvqpI3AnCwV,DZ000930,ACT009,DZ000930
P-498,ACT009,DRAFT,BumdEQVsanKyJon,H0100049,ACT009,H0100049
P-498,ACT009,DRAFT,jh7rF7pXHXsKAgh,RTM,ACT009,
P-499,ACT011,DRAFT,JuakA9e8Wc6QWYt,B1210160,ACT011,B1210160
P-499,ACT011,DRAFT,HII4E8KmBtei4Yt,DZ000930,ACT011,DZ000930
P-499,ACT011,DRAFT,lI8XVleAreD02Zf,H0100049,ACT011,H0100049
P-499,ACT011,DRAFT,4lXiJa22ulvFfnI,RTM,ACT011,
P-500,ACT004,DRAFT,CqViWbR9sETLiVl,B1210160,ACT004,B1210160
P-500,ACT004,DRAFT,2GNuRTlsB5GYV8g,DZ000930,ACT004,DZ000930
P-500,ACT004,DRAFT,V8LTCpg7T0806st,H0100049,ACT004,H0100049
P-500,ACT004,DRAFT,0iuNtjVqwf4OwC5,RTM,ACT004,
P-502,ACT004,DRAFT,VKJoeyK1QlSHQaf,B1210160,ACT004,B1210160
P-502,ACT004,DRAFT,9oYMr738zThVyI6,DZ000930,ACT004,DZ000930
P-502,ACT004,DRAFT,9PsghUEMpBjap4t,H0100049,ACT004,H0100049
P-502,ACT004,DRAFT,CYgZu1Y1AOqUOH4,RTM,ACT004,
P-503,,DRAFT,9zHLtdswjInOYO8,B1210160,,B1210160
P-503,,DRAFT,53b5CAsS8i0fjTf,DZ000930,,DZ000930
P-503,,DRAFT,L9oSKfQ2HaKV5Tt,H0100049,,H0100049
P-503,,DRAFT,HSbR5vDYGYjg4ZG,RTM,,
P-504,HYN118,DRAFT,mbDKF3zSgKWLjQC,H0100446,HYN118,H0100446
P-504,HYN118,DRAFT,O6hSTTKvtNX1k14,H0100450,HYN118,H0100450
P-504,HYN118,DRAFT,NjLIapK3Ea2Jvpo,C2513000,HYN118,C2513000
P-504,HYN118,DRAFT,bjxR5EuSu9CigG7,RTM,HYN118,
P-504,HYN118,DRAFT,RJpwVju14QyNc3L,RTM,HYN118,
P-484,HUM011,OFFER,PN3wV9ja9oHnS9Z,RTM,HUM011,
P-484,HUM011,OFFER,KGKBNJiSdq4dvua,H0100270,HUM011,H0100270
P-484,HUM011,OFFER,dE7vpWw297JSoQY,H0100310,HUM011,H0100310
P-484,HUM011,OFFER,ZF2oy7TYfkPyKFL,H0100370,HUM011,H0100370
P-484,HUM011,OFFER,QgPXUIq7xZsMgzW,H0100415,HUM011,H0100415
P-484,HUM011,OFFER,1kS3yuZuW5T62fC,H0100380,HUM011,H0100380
P-507,HUM011,DRAFT,0LZ4xTrKaPQO3Tu,RTM,HUM011,
P-507,HUM011,DRAFT,qtVNbdaKK5QCKhg,RTM,HUM011,
P-508,HYN001,DRAFT,uAFlvmr1qDG7YIJ,RTM,HYN001,
P-508,HYN001,DRAFT,Wmz7bAuUtJQHvFz,H0100270,HYN001,H0100270
P-508,HYN001,DRAFT,yC7q8VYqb02t3Z5,H0100310,HYN001,H0100310
P-508,HYN001,DRAFT,HZftK8VpMIB2BEZ,H0100370,HYN001,H0100370
P-508,HYN001,DRAFT,z8g4HrDkmbAvelk,H0100415,HYN001,H0100415
P-508,HYN001,DRAFT,f2URo0o4VFB0jau,H0100380,HYN001,H0100380
P-510,HYN118,DRAFT,VjirKX7GxTmmoHf,,,
P-510,HYN118,DRAFT,OydpQkEWD4SgAsH,H0100028,HYN118,H0100028
P-510,HYN118,DRAFT,8lhyiK5foibFt6i,,,
P-510,HYN118,DRAFT,fxmv8jhHC86Kff4,H0100446,HYN118,H0100446
P-519,ACT001,DRAFT,JDmtU7z4HO2ok3x,G2700065,ACT001,G2700065
P-519,ACT001,DRAFT,AsfQ2oOA8l294ug,G2700015,ACT001,G2700015
P-520,ACT001,DRAFT,8rdK4pLc2DXw3Vy,H0100310,ACT001,H0100310
P-520,ACT001,DRAFT,9RzBlWA1Rqh9EPi,H0100375,ACT001,H0100375
P-521,ACT001,DRAFT,Ec2i26rS1OJcFxo,H0100310,ACT001,H0100310
P-521,ACT001,DRAFT,750DYd4PYQ5CbI7,H0100370,ACT001,H0100370
P-522,HYN118,DRAFT,WdmBg5Z9BGxkTuR,H0100446,HYN118,H0100446
P-522,HYN118,DRAFT,tJhcCdpGbxYiCoB,H0100020,HYN118,H0100020
P-522,HYN118,DRAFT,r342Y0i7R9DvOoy,RTM,HYN118,
P-523,HYN118,DRAFT,TS93VuoHdLLAbLr,H0100020,HYN118,H0100020
P-523,HYN118,DRAFT,Xx82z7BRY7pu4UY,RTM,HYN118,
P-524,ACT006,DRAFT,GI0aHAaL2wiCTCK,H2500065,ACT006,H2500065
P-524,ACT006,DRAFT,0ZwDH1AmuyIdrkb,H2500058,ACT006,H2500058
P-524,ACT006,DRAFT,ZW4yPPrXkFibCwC,H2500060,ACT006,H2500060
P-524,ACT006,DRAFT,rZTKfELPGsVPY3F,H0100280,ACT006,H0100280
P-524,ACT006,DRAFT,S8hKclhHKQoJWee,H0100330,ACT006,H0100330
P-526,ACT012,DRAFT,seq5tzQfr4N9IJg,,,
P-526,ACT012,DRAFT,OfdRLN7UngJC904,H0100226,ACT012,H0100226
P-526,ACT012,DRAFT,mwlDcLKERYvph2S,H0100312,ACT012,H0100312
P-526,ACT012,DRAFT,jxNnh1AnmPdsgdO,,,
P-526,ACT012,DRAFT,B2NZR0KjJuwXhSw,H0100008,ACT012,H0100008
P-526,ACT012,DRAFT,3RMFZKJNZtOu1A5,H0100230,ACT012,H0100230
P-526,ACT012,DRAFT,PHmvNFGfaLWt1e6,H0100007,ACT012,H0100007
P-526,ACT012,DRAFT,Rknj3CyIzYxU4W1,H0100229,ACT012,H0100229
P-526,ACT012,DRAFT,xymrBr8RscvX1RG,H0100021,ACT012,H0100021
P-526,ACT012,DRAFT,P69qUzoM31ONopo,,,
P-526,ACT012,DRAFT,9aK7FzZKEsxHXPs,AD0016588,ACT012,AD0016588
P-526,ACT012,DRAFT,NyiRPGSooxc4V4l,AD0028015,ACT012,AD0028015
P-526,ACT012,DRAFT,iU7dfqnOrvEbWs4,E0880035,ACT012,E0880035
P-526,ACT012,DRAFT,9u0EVDUBDVFMnRm,E0880034,ACT012,E0880034
P-527,COR237,DRAFT,RtrrmKapxzR3k5f,G2700060,COR237,G2700060
P-528,HYN118,DRAFT,qn4bLMyXDaPa8h6,H0100010,HYN118,H0100010
P-528,HYN118,DRAFT,6aC6p4v0BKXI9Bf,H0100033,HYN118,H0100033
P-528,HYN118,DRAFT,ESOPKL3T2zXmGeO,RTM,HYN118,
P-528,HYN118,DRAFT,WZpVGFXvx2QxYSs,RTM,HYN118,
P-530,HYN118,DRAFT,T01lR5Nb78meLgr,H0891055,HYN118,H0891055
P-530,HYN118,DRAFT,o8VITMVesOMujGo,B1210350,HYN118,B1210350
P-530,HYN118,DRAFT,9ZUFSM9p7YBR7yy,,,
P-530,HYN118,DRAFT,mM41CPo6y7wlsqq,H0100028,HYN118,H0100028
P-530,HYN118,DRAFT,Cx86fCgWAiilxKD,,,
P-530,HYN118,DRAFT,9OtmIMIe3bf3Za1,H0100021,HYN118,H0100021
P-530,HYN118,DRAFT,pXeQ7GGcyk0xWWc,,,
P-530,HYN118,DRAFT,sJd3eikygeHdfCl,H0100010,HYN118,H0100010
P-530,HYN118,DRAFT,1TftS4zdgrPDpco,,,
P-530,HYN118,DRAFT,iG1RaRS2FaitzzM,RTM,HYN118,
P-531,HUM011,DRAFT,735sfVUqnWxPbd3,H0100446,HUM011,H0100446
P-531,HUM011,DRAFT,H5YQRU0JnQcJTcR,H0100020,HUM011,H0100020
P-531,HUM011,DRAFT,H9DHbtKQmHkLJlr,RTM,HUM011,
P-536,PROMAG,OFFER,7yNom7tahAC5kyJ,H2500065,PROMAG,H2500065
P-536,PROMAG,OFFER,yp9YdTnwDVrBiZn,H2500060,PROMAG,H2500060
P-536,PROMAG,OFFER,fLfjULZLjTS30tC,H2500058,PROMAG,H2500058
P-536,PROMAG,OFFER,iDPI641eV4FI8Kg,H0100375,PROMAG,H0100375
P-536,PROMAG,OFFER,Rjw84SCxP6zVp1B,H0100370,PROMAG,H0100370
P-536,PROMAG,OFFER,mPaZuQ7tbr4FHeo,H0100305,PROMAG,H0100305
P-536,PROMAG,OFFER,fCzzGWsKkCbQVyR,H0100330,PROMAG,H0100330
P-536,PROMAG,OFFER,i0jYzgKVWPNTV2Y,H0100290,PROMAG,H0100290
P-537,ACT006,OFFER,6xeL1lww7a4XsFY,H0100310,ACT006,H0100310
P-537,ACT006,OFFER,4sAesrI1xGNTuud,H0100375,ACT006,H0100375
P-538,ACT007,DRAFT,3vST7cUgRoeliOc,RTM,ACT007,
P-538,ACT007,DRAFT,U4HEUZc7bOZQ0jB,RTM,ACT007,
P-538,ACT007,DRAFT,e2T7pKymR9DEs65,H0100480,ACT007,H0100480
P-539,ACT001,DRAFT,XmgaNA51LKbuj7o,H0100290,ACT001,H0100290
P-539,ACT001,DRAFT,fHKXb62CNM4JHxQ,H0100295,ACT001,H0100295
P-539,ACT001,DRAFT,T6YS3oDNEcn9XsE,RTM,ACT001,
P-540,HYN605,DRAFT,u01IV20HvygoyPw,AD00210015,HYN605,AD00210015
P-540,HYN605,DRAFT,VrsbgHifGAkX93O,AD00110045,HYN605,AD00110045
P-541,ACT001,DRAFT,tkbYK27c2PZihgA,H0100446,ACT001,H0100446
P-541,ACT001,DRAFT,1tx8xbyWCmLGz6Z,H0100020,ACT001,H0100020
P-541,ACT001,DRAFT,VbmOOVm47zMTiJ1,RTM,ACT001,
P-542,ACT006,DRAFT,lpkW9GUndBDAlgi,H2500065,ACT006,H2500065
P-542,ACT006,DRAFT,lMqJkIhVURw6nNI,H2500058,ACT006,H2500058
P-542,ACT006,DRAFT,CudyPa34mlRCk6e,H2500060,ACT006,H2500060
P-542,ACT006,DRAFT,soZSvI8X7vXV3VF,H0100280,ACT006,H0100280
P-542,ACT006,DRAFT,VEgc6GtvxOHAmV6,H0100330,ACT006,H0100330
P-543,COR237,OFFER,QU4MNCIbiAJ1Q13,H2500065,COR237,H2500065
P-543,COR237,OFFER,gbMjQPS4ppVxd6r,G2700060,COR237,G2700060
P-543,COR237,OFFER,kMiIgGdhr33pyQE,G2700065,COR237,G2700065
P-543,COR237,OFFER,rH93FueEwPfNj0d,G2700015,COR237,G2700015
P-543,COR237,OFFER,uUvIwmCALZyYyFI,H0100290,COR237,H0100290
P-544,PROMAG,OFFER,VuwPr7hwiIQ6o6H,H0100290,PROMAG,H0100290
P-544,PROMAG,OFFER,FJIaf0pfngPVp7l,H0100601,PROMAG,H0100601
P-544,PROMAG,OFFER,SbM0NCDPIdJ2yI7,H2500065,PROMAG,H2500065
P-544,PROMAG,OFFER,vPojA0y07b0d60w,H2500060,PROMAG,H2500060
P-544,PROMAG,OFFER,6OCX6pBHcpvkc31,E0800480,PROMAG,E0800480
P-545,PROMAG,OFFER,Iy4PgMZvA9IV8XF,,,
P-545,PROMAG,OFFER,6a6HEV8sW2LE10J,E0800480,PROMAG,E0800480
P-545,PROMAG,OFFER,ShQUD5gBF21iHZT,E0800500,PROMAG,E0800500
P-545,PROMAG,OFFER,r0O7bf4rRQgf5RY,,,
P-545,PROMAG,OFFER,XtFYwgGWDHiSL0J,H0100310,PROMAG,H0100310
P-545,PROMAG,OFFER,G56T3rtymlCkaDW,H0100375,PROMAG,H0100375
P-545,PROMAG,OFFER,byPff6RJfA9wutj,H0100415,PROMAG,H0100415
P-545,PROMAG,OFFER,7a6FOiJlcKoPgwa,E0800480,PROMAG,E0800480
P-546,ACT001,DRAFT,6tD1Aotm4bwTehy,H0100446,ACT001,H0100446
P-549,HYN118,DRAFT,hbMHF7WsVbDLKks,H0100450,HYN118,H0100450
P-552,ACT007,DRAFT,YbP2RGmC4eXBJDG,RTM,ACT007,
P-552,ACT007,DRAFT,t4Zu3Wu7v9WedAz,RTM,ACT007,
P-552,ACT007,DRAFT,JMeZ57fcWBGpCnk,H0100480,ACT007,H0100480
P-554,,DRAFT,veaXpPzJlK863WE,H2500065,,H2500065
P-554,,DRAFT,U5ahXn2oKUBQ77Q,H2500058,,H2500058
P-554,,DRAFT,qpn9JPiD9FhZeBC,H2500060,,H2500060
P-554,,DRAFT,wlPMRy37Fa1NOCw,H0100290,,H0100290
P-554,,DRAFT,wOtWGOyhCWGaCLG,H0100330,,H0100330
P-554,,DRAFT,2ChiMxYZVkf8bPc,H0100305,,H0100305
P-554,,DRAFT,PTHkOUuek2v7564,H0100375,,H0100375
P-554,,DRAFT,NFc2aNFcey0UEzp,H0100370,,H0100370
P-555,,DRAFT,t4IPvBCaHuOFvG5,H2500065,,H2500065
P-555,,DRAFT,fQP184a8qUKAptX,H2500060,,H2500060
P-555,,DRAFT,1P14zNoupBHdjIy,H2500058,,H2500058
P-555,,DRAFT,ndygPabo8mberEm,H0100375,,H0100375
P-555,,DRAFT,mmNXEDU5WCmvkM7,H0100370,,H0100370
P-555,,DRAFT,tNNtXSdVqkWqrSJ,H0100305,,H0100305
P-555,,DRAFT,B57m0SeqD0QhlCq,H0100330,,H0100330
P-555,,DRAFT,Ein7RO3SzJKI2gc,H0100290,,H0100290
P-556,ACT019,OFFER,1puIVrkbdhJtL1R,,,
P-556,ACT019,OFFER,JS2s0sdknxHxa00,E0800480,ACT019,E0800480
P-556,ACT019,OFFER,iHBH3Q9aDXF8xF0,E0800500,ACT019,E0800500
P-556,ACT019,OFFER,nH0X0KsNMpndlor,,,
P-556,ACT019,OFFER,mGAzPqxCyWaz0II,H0100310,ACT019,H0100310
P-556,ACT019,OFFER,oiWmmfYNh2VT6Rv,H0100375,ACT019,H0100375
P-556,ACT019,OFFER,uNNfC7Omvhxni7m,H0100415,ACT019,H0100415
P-556,ACT019,OFFER,Tk8IGIDLvKM1ES5,E0800480,ACT019,E0800480
P-556,ACT019,OFFER,dydNXF2XGXSFvol,E0800483,ACT019,E0800483
P-556,ACT019,OFFER,q6YE3kSnQI41lyJ,G0700110,ACT019,G0700110
P-557,HUM025,OFFER,eRUP9tEUgttJiy6,H0100290,HUM025,H0100290
P-557,HUM025,OFFER,0r40pRPsnLCS0Dp,H0100330,HUM025,H0100330
P-557,HUM025,OFFER,89hJBvyf9GKwtTv,H2501040,HUM025,H2501040
P-557,HUM025,OFFER,nr1DDslEjwQRgHT,H2500025,HUM025,H2500025
P-557,HUM025,OFFER,pIlYBuI7cH1lxPx,E1880005,HUM025,E1880005
P-557,HUM025,OFFER,MYGR33SeNNjOl3Z,E1880030,HUM025,E1880030
P-557,HUM025,OFFER,0qHm7dsFCmT76Fq,H0100292,HUM025,H0100292
P-557,HUM025,OFFER,m3iDFsAzjc5V3L3,H0100435,HUM025,H0100435
P-558,HUM021,OFFER,K6BvgrToTlcNTh2,H0100315,HUM021,H0100315
P-558,HUM021,OFFER,sWBsR6w2y96hClD,H0100290,HUM021,H0100290
P-558,HUM021,OFFER,sEZNlJVRFfBOEy0,H0100280,HUM021,H0100280
P-558,HUM021,OFFER,4VJTfSgvSSV0XzM,H0100330,HUM021,H0100330
P-558,HUM021,OFFER,hLbaic9hKLiHpJF,H0100305,HUM021,H0100305
P-558,HUM021,OFFER,R9gBHtny4poa2Aw,H0100295,HUM021,H0100295
P-559,HUM021,DRAFT,pHg8cnDr0xhOsUE,RTM,HUM021,
P-559,HUM021,DRAFT,f8kFTgwRUMbdr47,H0100315,HUM021,H0100315
P-559,HUM021,DRAFT,RYCcFuHNikWGBF9,H0100290,HUM021,H0100290
P-559,HUM021,DRAFT,AWa2VvAHRXq9s1r,H0100330,HUM021,H0100330
P-559,HUM021,DRAFT,4mZWp9ONHNBM7ud,H0100305,HUM021,H0100305
P-559,HUM021,DRAFT,atEg6Oqrpaab08z,H0100310,HUM021,H0100310
P-559,HUM021,DRAFT,Yes63WrqoJopQKA,H0100370,HUM021,H0100370
P-559,HUM021,DRAFT,ZlB7rxxu9xfaowS,H0100415,HUM021,H0100415
P-559,HUM021,DRAFT,jZrhaVykwOWHZYj,RTM,HUM021,
P-560,HUM021,DRAFT,RYVqd15Ekbbybnf,H0100315,,
P-560,HUM021,DRAFT,SD6FHXxVd7FgKIc,H0100290,HUM021,H0100290
P-560,HUM021,DRAFT,0YqQeBcL5cuV7X2,H0100280,HUM021,H0100280
P-560,HUM021,DRAFT,RDCTt8aBY0Duvxx,H0100330,HUM021,H0100330
P-560,HUM021,DRAFT,PgIrGzYKy08Y5Vg,H2500065,HUM021,H2500065
P-568,HYN118,OFFER,bgILNIg3OydIc9o,H0100315,HYN118,H0100315
P-568,HYN118,OFFER,lbKtgSF5xDmWVDZ,H0100290,HYN118,H0100290
P-568,HYN118,OFFER,eEhaSIog0ypuQlH,H0100280,HYN118,H0100280
P-568,HYN118,OFFER,HcoU93jb2K8AqaC,H0100330,HYN118,H0100330
P-568,HYN118,OFFER,sNYcnfTmSDiEL39,H2500065,HYN118,H2500065
P-570,MIC003,DRAFT,mqJGqQNvKcuMJn4,H0100315,MIC003,H0100315
P-570,MIC003,DRAFT,XTo3P4ic2RFyX9X,H0100290,MIC003,H0100290
P-570,MIC003,DRAFT,U7l1jyK8DddINjR,H0100280,MIC003,H0100280
P-570,MIC003,DRAFT,BEnRGqTMdxyzs9D,H0100330,MIC003,H0100330
P-570,MIC003,DRAFT,8r5MIwQwEKteljN,H2500065,MIC003,H2500065
P-571,ACT001,DRAFT,BZAXHih88ZwOZZ0,H2500065,ACT001,H2500065
P-571,ACT001,DRAFT,3BdUcquWS6IXhig,G2700060,ACT001,G2700060
P-571,ACT001,DRAFT,VmHMiIUNi1DFLSO,G2700065,ACT001,G2700065
P-571,ACT001,DRAFT,pifZfBmadcbcodM,G2700015,ACT001,G2700015
P-571,ACT001,DRAFT,VlgA8bRvEnXXIZA,H0100290,ACT001,H0100290
P-572,ACT000,DRAFT,8h4w1fOvcIhoGwg,H0100290,ACT000,H0100290
P-572,ACT000,DRAFT,8x0f6WzJnPrhuAr,H0100330,ACT000,H0100330
P-573,ACT000,OFFER,goReg4KBKs2lLHa,H0100340,ACT000,H0100340
P-573,ACT000,OFFER,IOG5se8PM7z4aWG,H0100292,ACT000,H0100292
P-573,ACT000,OFFER,sQ1BEym9ZwKBAGr,H0100290,ACT000,H0100290
P-573,ACT000,OFFER,6rnkbbvovisiF0l,H0100280,ACT000,H0100280
P-573,ACT000,OFFER,Jt4Wl61yCiL4iTb,H0100330,ACT000,H0100330
P-573,ACT000,OFFER,6RJggluHWkY32Wk,H0100305,ACT000,H0100305
P-576,ACT000,DRAFT,wPH7jmwC7zcWboO,H0100340,ACT000,H0100340
P-577,ACT000,OFFER,hpXc63O7JRhXfq0,H0100280,ACT000,H0100280
P-577,ACT000,OFFER,qmDTYveeSiTz92f,H0100330,ACT000,H0100330
P-577,ACT000,OFFER,QYhblrwj4yYzR45,,,
P-577,ACT000,OFFER,maSTUPyQsjAtzJB,H0100315,ACT000,H0100315
P-577,ACT000,OFFER,NmUuabYprcFokqi,H0100290,ACT000,H0100290
P-582,HUM018,DRAFT,0CyhRGuI1AdmPp6,H0100315,HUM018,H0100315
P-582,HUM018,DRAFT,mMGNdTizv2dmdnM,H0100290,HUM018,H0100290
P-582,HUM018,DRAFT,fuJwpUMlXHnMbcu,H0100280,HUM018,H0100280
P-582,HUM018,DRAFT,uXqtdYcpSOfRqNd,H0100330,HUM018,H0100330
P-582,HUM018,DRAFT,1vNUBwOJRL6tFQC,H0100305,HUM018,H0100305
P-583,MIC003,DRAFT,fhYIqoCXElQ15ml,H0100315,MIC003,H0100315
P-583,MIC003,DRAFT,xxg6ioH1qeJVZwZ,H0100290,MIC003,H0100290
P-583,MIC003,DRAFT,q2elGxJbOsWQcaA,H0100280,MIC003,H0100280
P-583,MIC003,DRAFT,ovFaK8FTToYdvAl,H0100330,MIC003,H0100330
P-583,MIC003,DRAFT,8u33W9q87bguCTr,H2500065,MIC003,H2500065
P-584,HUM012,DRAFT,doZIGHg8JOYRmeU,H0100290,HUM012,H0100290
P-584,HUM012,DRAFT,J6p0szrE6uv1PEh,H0100280,HUM012,H0100280
P-584,HUM012,DRAFT,knKou0ABcOymggL,H0100330,HUM012,H0100330
P-584,HUM012,DRAFT,DayeGzHScSRVrHT,H0100305,HUM012,H0100305
P-584,HUM012,DRAFT,GGzwwUtEGS5WbrD,H0100395,HUM012,H0100395
P-585,MIC003,DRAFT,WBTYmuZUcZnl7TC,H0100315,MIC003,H0100315
P-585,MIC003,DRAFT,QQa6TbEevZyem8w,H0100290,MIC003,H0100290
P-585,MIC003,DRAFT,Jyy7GPL7TO1K9ga,H0100280,MIC003,H0100280
P-585,MIC003,DRAFT,SsToXMtRhNplL68,H0100330,MIC003,H0100330
P-585,MIC003,DRAFT,xtT6KAFoTxnOZnp,H2500065,MIC003,H2500065
P-586,MIC003,DRAFT,QJBBzLtbvsx7spn,H0100315,MIC003,H0100315
P-586,MIC003,DRAFT,C61YdxYqO9EMfYb,H2500065,MIC003,H2500065
P-586,MIC003,DRAFT,VqBecu4SpfGuyNT,H0100290,MIC003,H0100290
P-586,MIC003,DRAFT,JcLopQkcOvGoCrD,H0100280,MIC003,H0100280
P-586,MIC003,DRAFT,WfeTGL1trBCd7nH,H0100330,MIC003,H0100330
P-587,MIC003,DRAFT,w64tHXIIAfpRjQs,H0100315,MIC003,H0100315
P-587,MIC003,DRAFT,IYugbIaVpg7LLJq,H0100290,MIC003,H0100290
P-587,MIC003,DRAFT,rzqFjquISn0fuad,H0100280,MIC003,H0100280
P-587,MIC003,DRAFT,na4nAdRe0KQHuAn,H0100330,MIC003,H0100330
P-587,MIC003,DRAFT,JkxllqPHWUHepMR,H2500065,MIC003,H2500065
P-598,MIC003,DRAFT,CviSwqdnD5d07XR,H0100007,MIC003,H0100007
P-599,MIC003,DRAFT,FZXjPAoQ7SzkbFU,H0100315,MIC003,H0100315
P-599,MIC003,DRAFT,Pae2iADy77IfmD2,H0100290,MIC003,H0100290
P-599,MIC003,DRAFT,Ud2qV8kFbWFgZnM,H0100280,MIC003,H0100280
P-599,MIC003,DRAFT,9a5MAfGDzh0zzUK,H0100330,MIC003,H0100330
P-599,MIC003,DRAFT,gnLAXBrXPMwvcqr,H2500065,MIC003,H2500065
P-600,HUM011,OFFER,6bKwxpvL3BbjANr,H3500625,HUM011,H3500625
P-601,HYN118,DRAFT,Tj7NVhwOu4xqKKJ,H0100450,HYN118,H0100450
P-601,HYN118,DRAFT,0M5yBBYG1wk9WI7,H0100010,HYN118,H0100010
P-601,HYN118,DRAFT,Rdp9h8JHA4UCNmE,H0100020,HYN118,H0100020
P-606,ACT009,DRAFT,fXC2kiALgwDyV7k,H0100450,ACT009,H0100450
P-607,ACT007,DRAFT,wVk3jxEC0nAHFEU,H0100029,ACT007,H0100029
P-611,MIC003,DRAFT,rK9ONjhFlAblvSL,H0100315,MIC003,H0100315
P-611,MIC003,DRAFT,lxKrNAdHOzpLh5b,H0100290,MIC003,H0100290
P-611,MIC003,DRAFT,Pxj0dsMZxuryjFV,H0100280,MIC003,H0100280
P-611,MIC003,DRAFT,0cAG6ki90BdDTg2,H0100330,MIC003,H0100330
P-611,MIC003,DRAFT,tqdh2MrL3Tv3kYD,H2500065,MIC003,H2500065
P-613,ACT011,DRAFT,jBGFdfzUnjug2JN,H0100008,ACT011,H0100008
P-615,ACT014,DRAFT,SA8fqbUc2MchA8m,H0100446,ACT014,H0100446
P-616,ACT008,DRAFT,hjnOIttO7iYrqts,H0100020,ACT008,H0100020
P-617,ACT003,OFFER,epxJh2aDX874n2t,H0100020,ACT003,H0100020
P-618,FAR204,DRAFT,0S2J1DD340HRPRL,H0100010,FAR204,H0100010
P-622,HUM064,DRAFT,nieQjUpigK8qfl5,H0100049,HUM064,H0100049
P-622,HUM064,DRAFT,B8TOObVn7aIpLro,H0100020,HUM064,H0100020
P-622,HUM064,DRAFT,LkVdCLX13btospr,H3500914,HUM064,H3500914
P-626,,DRAFT,lFzii1p4x2Niwak,H0100049,,H0100049
P-626,,DRAFT,faIsv1ya9JywFj2,H0100020,,H0100020
P-626,,DRAFT,8ebOhriB4P9gF6s,H3500914,,H3500914
P-636,ACT001,DRAFT,56LuhXCntuxIrBH,H3500167,,
P-636,ACT001,DRAFT,JDBJe5SLdkoS49I,H3500264,,
P-636,ACT001,DRAFT,W10Yz3ZXL4K1tt6,H0100290,,
P-636,ACT001,DRAFT,rc10KDJVNeBtILX,H0100280,,
P-636,ACT001,DRAFT,qLqWEzdkPIRJH1X,H0100305,,
P-652,HUM018,DRAFT,uTIAJ3WwUAKzBNx,H0100049,HUM018,H0100049
P-652,HUM018,DRAFT,O0Szw0FXwtdcJgg,H0100020,HUM018,H0100020
P-652,HUM018,DRAFT,ffN63rB4whMycju,H3500914,HUM018,H3500914
P-653,ACT005,DRAFT,MmsiBM2oUo8XUiy,H0100450,ACT005,H0100450
P-654,ACT004,DRAFT,AY8urkkEMz74FhP,H0100010,ACT004,H0100010
P-655,ACT003,DRAFT,swFiLY0vvqrCmim,H0100008,ACT004,H0100008
P-656,HUM044,DRAFT,cnWVSC9SXbKQhGT,H0100446,,
P-657,ACT005,DRAFT,aiEHHgn9HYfSf54,H0100010,ACT005,H0100010
P-659,ACT008,DRAFT,plu3Lbcq48aVM9L,H0100007,ACT008,H0100007
P-661,ACT007,DRAFT,Mal92kZhjU9aMnb,H0100030,ACT007,H0100030
P-666,ACT006,DRAFT,KkD2GGtboYtXxJl,H0100027,ACT006,H0100027
P-670,HAR005,DRAFT,P4E929LE6swFiXr,H0100007,HAR005,H0100007
P-671,HUM044,DRAFT,Ir2oRhi9QMFFzFV,H0100446,,
P-672,MIC003,DRAFT,BeTcpWhbedNhY9U,H0100315,MIC003,H0100315
P-672,MIC003,DRAFT,hVNkJPPFZ6YMPTn,H0100290,MIC003,H0100290
P-672,MIC003,DRAFT,Kjjs6h80igfw41B,H0100280,MIC003,H0100280
P-672,MIC003,DRAFT,moO8zPRtO9vFEWf,H0100330,MIC003,H0100330
P-672,MIC003,DRAFT,AwL6RMzZlbrkFqE,H2500065,MIC003,H2500065
P-678,ACT011,LOST,6I3LJpDhQFoH7ZU,H0300030,ACT011,H0300030
P-678,ACT011,LOST,pmffMw6oAGMoEfv,H0300060,HUM018,H0300060
P-678,ACT011,LOST,jzCOcqNjiy0Yfl3,H0300048,HUM018,H0300048
P-678,ACT011,LOST,X2PgiugAeh0XtnN,H0300010,ACT011,H0300010
P-679,HUM012,DRAFT,vTDwwbNPQUJNbkO,H0100030,HUM012,H0100030
P-679,HUM012,DRAFT,aUabSHo6NHKdha0,H3500174,HUM012,H3500174
P-679,HUM012,DRAFT,Ew9GFQhGzGzH1RQ,H3500552,HUM012,H3500552
P-679,HUM012,DRAFT,Uu7UEyjRXgSQbhj,H0100280,HUM012,H0100280
P-679,HUM012,DRAFT,YOXnJBfYi0eAhck,H0100305,HUM012,H0100305
P-679,HUM012,DRAFT,epoBPxu02ethkAk,H0100295,HUM012,H0100295
P-680,ACT001,DRAFT,vndjv2AP7f2CaCF,H0100315,ACT001,H0100315
P-680,ACT001,DRAFT,ljoarvIQ4vp3N0A,H2500065,ACT001,H2500065
P-680,ACT001,DRAFT,QKkXyF9NcZOhXSK,H0100290,ACT001,H0100290
P-680,ACT001,DRAFT,wpIVXd0tCs4Jfi6,H0100280,ACT001,H0100280
P-680,ACT001,DRAFT,waUANJXtlC72b4V,H0100330,ACT001,H0100330
P-692,ACT005,DRAFT,v5GY0kI8eNqFkW2,H0100027,ACT005,H0100027
P-714,ACT009,DRAFT,pEJ6j6fSZ0XcQuo,H0891055,ACT009,H0891055
P-714,ACT009,DRAFT,EMAcFQOtBqI65QT,H0891310,ACT009,H0891310
P-714,ACT009,DRAFT,lQcjygj9sTvvt2K,H0891060,ACT009,H0891060
P-714,ACT009,DRAFT,6m0wwDtXgcJ5RJX,D1590375,ACT009,D1590375
P-714,ACT009,DRAFT,K2mefKmuemW8Nv4,RTM,ACT009,
P-716,ACT009,DRAFT,H8DU7z0BZcZzLCf,H0891055,ACT009,H0891055
P-716,ACT009,DRAFT,GBv3WHHmBOUcqbr,H0891310,ACT009,H0891310
P-716,ACT009,DRAFT,ApqLBRGQFSJw3wd,H0891060,ACT009,H0891060
P-716,ACT009,DRAFT,dpL5OP7JJX6XrXQ,D1590375,ACT009,D1590375
P-716,ACT009,DRAFT,rx2Jh80Z396lzoz,RTM,ACT009,
P-718,ACT011,DRAFT,la4UJnfOwm58Rrn,H0100010,ACT011,H0100010
P-719,ACT004,DRAFT,GDdWHrm1hppR9fL,H0891060,ACT004,H0891060
P-720,ACT004,OFFER,dL0VXJmQ7yTAJFe,H0891310,ACT004,H0891310
P-720,ACT004,OFFER,68vKecFTO4lfrNv,H0891060,ACT004,H0891060
P-721,ACT004,DRAFT,7GHQUR132HvgJML,H0891310,ACT004,H0891310
P-721,ACT004,DRAFT,Ld1PF0Mq192TEm3,H0891060,ACT004,H0891060
P-722,ACT011,OFFER,UiBI8Bc33fO8anF,H0300020,ACT011,H0300020
P-734,HUM061,DRAFT,99rN5Pj3f0Soxcv,H0100010,HUM061,H0100010
P-734,HUM061,DRAFT,1PQW6CYBTxYxtiS,D9100024,HUM061,D9100024
P-736,HUM061,REVOKED,wU49SrfWIQmQaBP,D9100024,HUM061,D9100024
P-740,ACT003,DRAFT,dnwYJaKkJGPDXJ1,H0300015,ACT003,H0300015
P-740,ACT003,DRAFT,qzFxyyeyHTl2YN9,H0300021,ACT003,H0300021
P-740,ACT003,DRAFT,ojZIJpr2ION0uip,H0300020,ACT003,H0300020
P-740,ACT003,DRAFT,UJfTm6TeswwvFZf,H0100450,ACT003,H0100450
P-741,ACT000,OFFER,mMKGQ4Vv9iInQWv,H0100027,ACT000,H0100027
P-743,ACT011,DRAFT,mh5lazBWDhopyiu,H0300030,ACT011,H0300030
P-743,ACT011,DRAFT,b9EViLFH4s5FPjc,H0300060,HUM018,H0300060
P-743,ACT011,DRAFT,CGUtbsyLxqiA8Bt,H0300048,HUM018,H0300048
P-743,ACT011,DRAFT,G6jArK7WBmjX4Cx,H0300010,ACT011,H0300010
P-744,HUM061,DRAFT,DP4Tmwp6UjTUOpl,H3500174,HUM061,H3500174
P-744,HUM061,DRAFT,95UyvdMelMFZmX0,H3500552,HUM061,H3500552
P-744,HUM061,DRAFT,Fnxwj1uTMglbAcf,H0100290,HUM061,H0100290
P-744,HUM061,DRAFT,rjjbUwvr5NFp0qk,H0100280,HUM061,H0100280
P-744,HUM061,DRAFT,zvP6yVFj6MRcHrJ,H0100305,HUM061,H0100305
P-744,HUM061,DRAFT,RegkYDpMYh8eSz6,H0100295,HUM061,H0100295
P-744,HUM061,DRAFT,x7YrXrK09CviLqI,H0100446,HUM061,H0100446
P-747,ACT004,DRAFT,GssaSveGR3ezYYn,D9100024,ACT004,D9100024
P-748,ACT003,DRAFT,M4MU0BqLk8G6uV3,H0100010,ACT003,H0100010
P-748,ACT003,DRAFT,ybRugCZVO9IuH09,D9100024,ACT005,D9100024
P-749,ACT005,OFFER,KHCz0G1HHHdDpfF,D9100024,,D9100024
P-750,,DRAFT,5zFX37vazKkrqe1,D9100024,,D9100024
P-752,HUM061,DRAFT,lAz67MIBzoNXDmM,H3500734,HUM061,H3500734
P-752,HUM061,DRAFT,3wSxpFhq4sOTqt7,RTM,,
P-752,HUM061,DRAFT,YRwXx5xx8x6Fby4,H0100395,HUM061,H0100395
P-754,ACT006,OFFER,acT0t4s4FWDs5PC,D9100024,ACT006,D9100024
P-755,ACT005,OFFER,kl5vrfb9hpcpcp7,D9100024,ACT005,D9100024
P-756,ACT001,OFFER,BGoBpQXDSn6fy9I,D9100024,ACT001,D9100024
P-756,ACT001,OFFER,YTfwzMjvujEunuM,H0100010,ACT001,H0100010
P-757,ACT005,OFFER,tEpbWQSNFzJcdcb,D9100024,ACT005,D9100024
P-757,ACT005,OFFER,eg5QYi4nnTiZ436,H0100010,ACT005,H0100010
P-758,ACT001,OFFER,6qFL1JKZr4k5bg9,D9100024,ACT001,D9100024
P-758,ACT001,OFFER,nHF6WM3XMWKlRQ9,H0100010,ACT001,H0100010
P-759,ACT001,DRAFT,lXTnRiT2s7sJEH6,D9100024,ACT001,D9100024
P-759,ACT001,DRAFT,B8rIlAxCLomZHcz,H0100010,ACT001,H0100010
P-761,ACT001,DRAFT,teM01rap46ZQurI,D9100024,ACT001,D9100024
P-761,ACT001,DRAFT,FmyPoOpStMwaCI9,H0100010,ACT001,H0100010
P-763,ACT005,DRAFT,rYynGHsgRX2NUae,D9100024,ACT005,D9100024
P-764,ACT023,DRAFT,ZhQeDEthN0RTERu,RTM,ACT023  ,123
P-764,ACT023,DRAFT,BQth6Vz0hwCpgsY,C2572085,ACT023  ,C2572085
P-765,HUM061,DRAFT,i92Zf9BuGysTwnK,H3500174,HUM061,H3500174
P-765,HUM061,DRAFT,F5VmBXvumkGlbDM,RTM,HUM061, 
P-765,HUM061,DRAFT,CzihOzingLn5HM0,H0100280,HUM061,H0100280
P-766,ACT005,DRAFT,wEGMDkbhDL5m9sc,D9100024,ACT005,D9100024
P-767,ACT003,DRAFT,DpUub2FRScyKEAI,D9100024,ACT003,D9100024
P-767,ACT003,DRAFT,d2jd1w4yuYAN8TO,E0800265,ACT003,E0800265
P-768,ACT005,DRAFT,DRkqFRNil0HXOAD,D9100024,ACT005,D9100024
P-768,ACT005,DRAFT,cjjbJac9KrH34Ko,H0100010,ACT005,H0100010
P-768,ACT005,DRAFT,HBqhZMJtNe9aI8Y,H0891055,ACT005,H0891055
P-768,ACT005,DRAFT,tuvzBV1SsJ92ZKe,11-1BB,ACT005,11-1BB
P-768,ACT005,DRAFT,NXmy7Fk7URoPPm3,C3560005,ACT005,C3560005
P-768,ACT005,DRAFT,i1cM08zquVG3b1J,H0100390,ACT005,H0100390
P-768,ACT005,DRAFT,wsdcX6OPNmUIWex,H0891448            ,ACT005,H0891448            
P-769,HUM061,DRAFT,wMz467aDoxRls5Q,H0100008,,H0100008
P-769,HUM061,DRAFT,gDQZUCkjcOZsACZ,H0100007,,H0100007
P-769,HUM061,DRAFT,hAxMTKmuJ7YOltF,H0100010,,H0100010
P-769,HUM061,DRAFT,4h0reZMgVyzRRIB,H0100021,,H0100021
P-769,HUM061,DRAFT,GxfQAXU3Pz4DLts,H0100019,,H0100019
P-769,HUM061,DRAFT,TiycxkVmkGracLI,H0100020,,H0100020
P-769,HUM061,DRAFT,XI3rVU9xIvD72La,H0100028,,H0100028
P-769,HUM061,DRAFT,KAUV3V8QZpxBmuj,H0100027,,H0100027
P-769,HUM061,DRAFT,6Lw3HsMSwjyksOH,H0100029,,H0100029
P-769,HUM061,DRAFT,XRSMKqumY3q1z9q,H0100030,,H0100030
P-769,HUM061,DRAFT,xXoVfunj0WibONt,H0100032,,H0100032
P-769,HUM061,DRAFT,lhTsOlfYtLnp5sD,H0100033,,H0100033
P-769,HUM061,DRAFT,NX7IKTXhsKrolvQ,H0100034,,H0100034
P-769,HUM061,DRAFT,5EpR2tGjP1nCXTF,H0100049,,H0100049
P-769,HUM061,DRAFT,t6ncAZC79In0GQk,H0100035,,H0100035
P-769,HUM061,DRAFT,kFwAvRJ4IR4McMA,H0100047,,H0100047
P-769,HUM061,DRAFT,9MdVarOjk2EVezx,H0100048,,H0100048
P-769,HUM061,DRAFT,o5I6aSTEgNwpLrm,H0100045,,H0100045
P-769,HUM061,DRAFT,zpWX0tsw6jYPEHM,DZ000930,,DZ000930
P-769,HUM061,DRAFT,DqMldAEeU2CAOop,B1210160,,B1210160
P-769,HUM061,DRAFT,hRmZ4Dm1ofJB57C,B1210335,,B1210335
P-769,HUM061,DRAFT,93H4ADWntkR7IRI,H0891055,,H0891055
P-769,HUM061,DRAFT,r6nCarmlQliSdWY,H0891310,,H0891310
P-769,HUM061,DRAFT,6utXiABaaqs4JJb,H0891060,,H0891060
P-769,HUM061,DRAFT,Qkb57vJDpD7Igva,H0891315,,H0891315
P-769,HUM061,DRAFT,d6t7ODWiYCmNWMt,H0891065,,H0891065
P-769,HUM061,DRAFT,sALUuWyu5GpK5NF,H0891320,,H0891320
P-769,HUM061,DRAFT,wxZGYKw4rw8E0dA,H0891070,,H0891070
P-769,HUM061,DRAFT,CNYnNO2npDZp3t3,H0891322,,H0891322
P-769,HUM061,DRAFT,1OjVXUiUZx7tNk2,G2701025,,G2701025
P-770,HUM061,DRAFT,zfrss3IPwLQ41Dn,H3502102,HUM061,H3502102
P-770,HUM061,DRAFT,QQ7Ri5I9LDtJ30J,H3500339,HUM061,H3500339
P-770,HUM061,DRAFT,5v0IoGff40EH58b,H3500174,HUM061,H3500174
P-770,HUM061,DRAFT,4NEk8ghxrECAXjc,RTM,HUM061, 
P-770,HUM061,DRAFT,PH2jAgKhJR2lCFH,H0100330,HUM061,H0100330
P-770,HUM061,DRAFT,Rff4OJUCfvcR9rT,H0100305,HUM061,H0100305
P-771,HUM061,DRAFT,q8Sw3xTyeuYebvA,H0300015,HUM061,H0300015
P-772,HUM061,DRAFT,yx9SaWlOsa23pPt,H0300010,ACT005,H0300010
P-775,ACT003,DRAFT,b6o0QWaAlkviRwk,BK080001,ACT003,BK080001
P-775,ACT003,DRAFT,4mqPtZ9f8o4I4aN,DZ000080,ACT003,DZ000080
P-775,ACT003,DRAFT,7JQ1INyynemIjho,DZ000078,ACT003,DZ000078
P-775,ACT003,DRAFT,jQ0f5ECULFgSlVG,DZ000079,ACT003,DZ000079
P-776,ACT005,OFFER,Ip8SERXESz0L9wN,H0891055,ACT005,H0891055
P-776,ACT005,OFFER,L88E4XfdPzzqd83,H0100007,ACT005,H0100007
P-776,ACT005,OFFER,jX040tZi6MJx43a,H0100020,ACT005,H0100020
P-776,ACT005,OFFER,S8diVjQWivoX12z,H0100029,ACT005,H0100029
P-776,ACT005,OFFER,XNhsfczJ7D2Rbgv,D0141005,ACT005,D0141005
P-776,ACT005,OFFER,16eLDzkyxtxeASa,D0101406,ACT005,D0101406
P-791,HUM061,DRAFT,pZe9YZ4YSPnGf7q,H0100007,HUM061,H0100007
P-793,COR000,DRAFT,GUCsYKdPd4M70Sk,G2700060,COR000,G2700060
P-794,HUM061,DRAFT,C83qNLy3kGmZhCy,H0100008,HUM061,H0100008
P-798,HUM061,DRAFT,iIee4mFVSFi4nLX,H0100008,,
P-799,ACT003,DRAFT,JYQFP3WeSmWr9jo,H0100010,ACT003,H0100010
P-799,ACT003,DRAFT,8VlwCa1vl8QtWdJ,H0200005,ACT003,H0200005
P-799,ACT003,DRAFT,YSMwgi3HaROlKHp,AD128100DORC,ACT003,AD128100DORC
P-799,ACT003,DRAFT,NAsYrgNhUzELq0m,C3501025,ACT003,C3501025
P-799,ACT003,DRAFT,Oh2wZApIpSPcRU7,B1210160,ACT003,B1210160
P-799,ACT003,DRAFT,8tKmB8IxIthwk0R,D1590300,ACT003,D1590300
P-799,ACT003,DRAFT,sVCIAPux9A5rZbS,XE,ACT003,XE
P-799,ACT003,DRAFT,DMVk9ubWdrDrG8d,H0100010,ACT003,H0100010
P-800,STR003,DRAFT,8A2aa2JGZ4DVDmc,H0100010,STR003,H0100010
P-800,STR003,DRAFT,YdGmghF4Z82IdhE,H0200005,STR003,H0200005
P-800,STR003,DRAFT,vlyZ3HibfNGIPHN,AD128100DORC,STR003,AD128100DORC
P-800,STR003,DRAFT,ncBeN0eL66zNF19,C3501025,STR003,C3501025
P-800,STR003,DRAFT,mTHvv2TOEHiC4eu,B1210160,STR003,B1210160
P-800,STR003,DRAFT,q2DHsyY00fJ8zde,D1590300,STR003,D1590300
P-800,STR003,DRAFT,GgsmgzXmXpMCsEb,XE,STR003,XE
P-800,STR003,DRAFT,kwT7697npn1C015,H0100010,STR003,H0100010
P-803,HUM061,DRAFT,MSE3qjxQiykaU72,H0100008,HUM061,H0100008
P-807,STR003,DRAFT,6gA6nT2GWBFay4W,H0100010,STR003,H0100010
P-807,STR003,DRAFT,eRuhPkrozqwVjSK,H0200005,STR003,H0200005
P-807,STR003,DRAFT,v5Wj2d600L6fVzP,AD128100DORC,STR003,AD128100DORC
P-807,STR003,DRAFT,FjXtfE0XIPsrIri,C3501025,STR003,C3501025
P-807,STR003,DRAFT,7NF8uKMFPykV2nT,B1210160,STR003,B1210160
P-807,STR003,DRAFT,cyHqFKv3RDafNnc,D1590300,STR003,D1590300
P-807,STR003,DRAFT,JnWweFHG6x0jfDE,XE,STR003,XE
P-807,STR003,DRAFT,2c5uXIE33znNjKr,H0100010,STR003,H0100010
P-808,HUM061,DRAFT,UF8jaLKKRtlvnsL,H0100020,HUM061,H0100020
P-808,HUM061,DRAFT,07JFRmzqGnkf7f8,H2500065,HUM061,H2500065
P-808,HUM061,DRAFT,I8xijDXN8urYVNv,H0100292,HUM061,H0100292
P-808,HUM061,DRAFT,BCwMaCu9oTz0shu,E0800725,HUM061,E0800725
P-809,HUM061,DRAFT,wjlU4FgPCCDDMIs,H2500065,HUM061,H2500065
P-809,HUM061,DRAFT,YxdFBkKBlyRes7J,H3500174,HUM061,H3500174
P-809,HUM061,DRAFT,hVbvfKuWKIurCPQ,G2701225,HUM061,G2701225
P-809,HUM061,DRAFT,bB0aJd1O8y3j4p2,H0100280,HUM061,H0100280
